# PBE Book proximity tables — generated by tools/geo-data, do not edit by hand.
# US Census 2020 ZCTA Gazetteer (public domain) sha256:335402fb16b41303
# GeoNames US postal codes (CC BY 4.0, https://www.geonames.org/) sha256:65dfe4f26002b528
# US Census sub-county population estimates 2024 (public domain) column:POPESTIMATE2024 sha256:af9cd4835c93552a
# coordinates rounded to 2 decimal places (~1.1 km)
# population threshold: 10000
# rows: 3590
city,state,lat,lon
Abbeville,LA,29.93,-92.16
Aberdeen,MD,39.5,-76.2
Aberdeen,SD,45.54,-98.44
Aberdeen,WA,47.21,-123.75
Abilene,TX,32.43,-99.75
Abington,MA,42.12,-70.96
Abington,PA,40.13,-75.13
Acton,MA,42.5,-71.43
Acushnet,MA,41.72,-70.9
Acworth,GA,34.07,-84.67
Ada,MI,42.96,-85.49
Ada,OK,34.78,-96.7
Addison,IL,41.93,-88.01
Addison,TX,32.96,-96.84
Adelanto,CA,34.59,-117.45
Adrian,MI,41.9,-84.06
Agawam,MA,42.06,-72.63
Agoura Hills,CA,34.13,-118.76
Aiken,SC,33.56,-81.66
Airway Heights,WA,47.64,-117.59
Akron,OH,41.08,-81.53
Alabaster,AL,33.22,-86.8
Alachua,FL,29.81,-82.49
Alameda,CA,37.76,-122.26
Alamo,TX,26.14,-98.12
Alamogordo,NM,32.72,-106.03
Albany,CA,37.89,-122.3
Albany,GA,31.56,-84.16
Albany,NY,42.66,-73.77
Albany,OR,44.64,-123.08
Albemarle,NC,35.35,-80.2
Albert Lea,MN,43.66,-93.32
Albertville,AL,34.3,-86.21
Albuquerque,NM,35.07,-106.65
Alcoa,TN,35.79,-83.99
Alden,NY,42.89,-78.5
Alexander,NC,35.71,-82.64
Alexander City,AL,32.96,-85.95
Alexandria,KY,38.92,-84.4
Alexandria,LA,31.24,-92.48
Alexandria,MN,45.88,-95.39
Alexandria,VA,38.8,-77.09
Algonquin,IL,42.17,-88.31
Alhambra,CA,34.09,-118.13
Alice,TX,27.74,-98.1
Aliso Viejo,CA,33.63,-117.78
Allen,TX,33.1,-96.65
Allen Park,MI,42.26,-83.21
Allendale,MI,42.98,-85.94
Allentown,PA,40.6,-75.51
Alliance,OH,40.92,-81.13
Alpena,MI,45.09,-83.48
Alpharetta,GA,34.09,-84.27
Alpine,UT,40.51,-111.75
Alsip,IL,41.67,-87.74
Altamonte Springs,FL,28.68,-81.34
Alton,IL,38.94,-90.13
Altoona,IA,41.65,-93.46
Altoona,PA,40.52,-78.38
Altus,OK,34.64,-99.32
Alvin,TX,29.4,-95.24
Amarillo,TX,35.27,-101.86
American Canyon,CA,38.19,-122.26
American Fork,UT,40.47,-111.68
Americus,GA,32.08,-84.22
Ames,IA,42.03,-93.64
Amesbury,MA,42.85,-70.96
Amherst,MA,42.38,-72.5
Amherst,NH,42.87,-71.6
Amherst,OH,41.37,-82.26
Amity,PA,40.05,-80.18
Amsterdam,NY,42.94,-74.17
Anacortes,WA,48.51,-122.66
Anaheim,CA,33.84,-117.9
Anchorage,AK,61.68,-150.47
Anderson,CA,40.46,-122.28
Anderson,IN,40.11,-85.68
Anderson,SC,34.49,-82.71
Andover,KS,37.7,-97.11
Andover,MA,42.65,-71.17
Andover,MN,45.25,-93.28
Andrews,TX,32.34,-102.7
Angleton,TX,29.17,-95.44
Ankeny,IA,41.72,-93.6
Ann Arbor,MI,42.26,-83.78
Anna,TX,33.36,-96.52
Annapolis,MD,38.99,-76.52
Anniston,AL,33.72,-85.81
Anoka,MN,45.29,-93.43
Ansonia,CT,41.34,-73.07
Antioch,CA,37.99,-121.79
Antioch,IL,42.47,-88.08
Apache Junction,AZ,33.39,-111.49
Apex,NC,35.72,-78.9
Apopka,FL,28.7,-81.51
Apple Valley,CA,34.5,-117.14
Appleton,WI,44.33,-88.42
Appling,GA,33.6,-82.3
Arapahoe,CO,38.84,-102.17
Arcadia,CA,34.14,-118.04
Arcata,CA,40.86,-124.08
Ardmore,OK,34.22,-97.17
Arkansas City,KS,37.07,-97
Arlington,MA,42.42,-71.17
Arlington,TN,35.29,-89.7
Arlington,TX,32.72,-97.16
Arlington,VA,38.87,-77.1
Arlington,WA,48.22,-121.95
Arlington Heights,IL,42.09,-87.98
Arnold,MO,38.43,-90.39
Arroyo Grande,CA,35.15,-120.53
Artesia,CA,33.87,-118.08
Artesia,NM,32.76,-104.27
Arvada,CO,39.82,-105.11
Arvin,CA,35.11,-118.83
Asbury Park,NJ,40.25,-74.05
Asheboro,NC,35.72,-79.79
Asheville,NC,35.6,-82.54
Ashland,KY,38.41,-82.69
Ashland,MA,42.26,-71.47
Ashland,OH,40.87,-82.32
Ashland,OR,42.19,-122.56
Ashtabula,OH,41.86,-80.79
Aston,PA,39.86,-75.43
Atascadero,CA,35.45,-120.73
Atascosa,TX,29.28,-98.74
Atchison,KS,39.54,-95.14
Athens,AL,34.8,-86.99
Athens,GA,33.95,-83.38
Athens,OH,39.31,-82.09
Athens,TN,35.45,-84.61
Athens,TX,32.17,-95.85
Athol,MA,42.56,-72.19
Atlanta,GA,33.82,-84.38
Atlantic Beach,FL,30.36,-81.42
Atlantic City,NJ,39.37,-74.43
Atoka,TN,35.41,-89.76
Attleboro,MA,41.93,-71.29
Atwater,CA,37.32,-120.65
Auburn,AL,32.58,-85.52
Auburn,CA,39.05,-120.75
Auburn,GA,34.02,-83.84
Auburn,IN,41.34,-85.03
Auburn,MA,42.2,-71.85
Auburn,ME,44.16,-70.24
Auburn,NY,42.93,-76.57
Auburn,WA,47.31,-122.21
Auburn Hills,MI,42.68,-83.31
Auburndale,FL,28.09,-81.81
Augusta,GA,33.44,-82.08
Augusta,ME,44.34,-69.78
Aurora,CO,39.71,-104.7
Aurora,IL,41.77,-88.27
Aurora,NY,42.74,-76.65
Aurora,OH,41.32,-81.34
Austin,MN,43.68,-92.99
Austin,TX,30.31,-97.76
Avenal,CA,35.89,-120.07
Avon,CT,41.79,-72.85
Avon,IL,40.66,-90.43
Avon,IN,39.76,-86.4
Avon,OH,41.45,-82.01
Avon Lake,OH,41.5,-82.02
Avon Park,FL,27.61,-81.48
Avondale,AZ,33.45,-112.32
Azle,TX,32.9,-97.56
Azusa,CA,34.28,-117.87
Babylon,NY,40.65,-73.26
Bainbridge,GA,30.87,-84.6
Bainbridge,IN,39.76,-86.81
Bainbridge,OH,39.21,-83.28
Bainbridge Island,WA,47.65,-122.53
Baker,FL,30.88,-86.68
Baker,LA,30.56,-91.1
Baker City,OR,44.84,-117.76
Bakersfield,CA,35.33,-118.97
Balch Springs,TX,32.72,-96.62
Baldwin Park,CA,34.1,-117.97
Ballwin,MO,38.59,-90.55
Baltimore,MD,39.3,-76.62
Bangor,ME,44.83,-68.81
Bangor,MI,42.31,-86.11
Banning,CA,33.95,-116.83
Baraboo,WI,43.49,-89.73
Barberton,OH,41.02,-81.63
Bardstown,KY,37.8,-85.47
Bargersville,IN,39.51,-86.21
Barnegat,NJ,39.77,-74.31
Barnstable,MA,41.71,-70.31
Barrington,IL,42.24,-87.88
Barrington,RI,41.74,-71.32
Barstow,CA,34.94,-116.99
Bartlesville,OK,36.73,-95.96
Bartlett,IL,41.98,-88.2
Bartow,FL,27.89,-81.82
Bastrop,TX,30.12,-97.33
Batavia,IL,41.84,-88.31
Batavia,NY,43,-78.19
Batavia,OH,39.1,-84.13
Batesville,AR,35.76,-91.59
Bath,MI,42.83,-84.44
Bath,NY,42.35,-77.34
Bath,OH,41.19,-81.64
Baton Rouge,LA,30.48,-91.11
Battle Creek,MI,42.3,-85.13
Battle Ground,WA,45.81,-122.51
Bay City,MI,43.63,-83.91
Bay City,TX,28.95,-95.92
Bay Saint Louis,MS,30.34,-89.49
Bay Village,OH,41.49,-81.93
Bayonne,NJ,40.66,-74.11
Baytown,TX,29.76,-94.95
Beachwood,NJ,39.93,-74.2
Beachwood,OH,41.47,-81.51
Beacon,NY,41.5,-73.95
Beatrice,NE,40.25,-96.75
Beaufort,SC,32.43,-80.68
Beaumont,CA,33.95,-116.99
Beaumont,TX,30.08,-94.15
Beaver Dam,WI,43.45,-88.85
Beaverton,OR,45.48,-122.82
Beckley,WV,37.78,-81.24
Bedford,IN,38.86,-86.45
Bedford,MA,42.5,-71.28
Bedford,MI,42.4,-85.23
Bedford,NH,42.94,-71.54
Bedford,NY,41.19,-73.64
Bedford,OH,41.38,-81.53
Bedford,TX,32.84,-97.14
Beech Grove,IN,39.72,-86.09
Beeville,TX,28.47,-97.73
Bel Air,MD,39.54,-76.32
Belchertown,MA,42.28,-72.4
Belgrade,MT,45.98,-111.13
Bell,CA,33.98,-118.19
Bell Gardens,CA,33.97,-118.17
Bella Vista,AR,36.47,-94.26
Bellaire,TX,29.77,-95.44
Belle Glade,FL,26.64,-80.55
Bellefontaine,OH,40.37,-83.76
Belleville,IL,38.5,-89.99
Belleville,NJ,40.79,-74.16
Bellevue,NE,41.14,-95.93
Bellevue,WA,47.6,-122.17
Bellflower,CA,33.89,-118.12
Bellingham,MA,42.08,-71.47
Bellingham,WA,48.76,-122.47
Bellmawr,NJ,39.87,-75.09
Bellwood,IL,41.88,-87.88
Belmont,CA,37.51,-122.3
Belmont,MA,42.4,-71.18
Belmont,NC,35.21,-81.04
Beloit,WI,42.53,-89.06
Belton,MO,38.79,-94.54
Belton,TX,31.05,-97.5
Belvidere,IL,42.24,-88.84
Bemidji,MN,47.49,-94.87
Bend,OR,44.03,-121.33
Benicia,CA,38.1,-122.14
Bennington,VT,42.87,-73.13
Bensalem,PA,40.1,-74.94
Bensenville,IL,41.96,-87.94
Benton,AR,34.58,-92.63
Benton,IL,38,-88.92
Bentonville,AR,36.34,-94.27
Berea,KY,37.57,-84.28
Berea,OH,41.37,-81.86
Bergenfield,NJ,40.92,-74
Berkeley,CA,37.87,-122.27
Berkeley Heights,NJ,40.68,-74.43
Berkley,MI,42.5,-83.19
Berkshire,MA,42.51,-73.2
Berlin,CT,41.61,-72.78
Berlin,OH,40.56,-81.8
Berthoud,CO,40.3,-105.1
Berwick,PA,41.08,-76.25
Berwyn,IL,41.84,-87.79
Bessemer,AL,33.43,-86.99
Bethany,OK,35.51,-97.65
Bethel,CT,41.37,-73.39
Bethel,OH,38.95,-84.06
Bethel Park,PA,40.32,-80.04
Bethlehem,PA,40.64,-75.37
Bettendorf,IA,41.57,-90.47
Beverly,MA,42.57,-70.87
Beverly Hills,CA,34.07,-118.4
Biddeford,ME,43.48,-70.5
Big Horn,WY,44.61,-107.06
Big Lake,MN,45.38,-93.74
Big Spring,TX,32.26,-101.42
Billerica,MA,42.56,-71.26
Billings,MT,45.78,-108.5
Biloxi,MS,30.42,-88.95
Binghamton,NY,42.12,-75.9
Birmingham,AL,33.52,-86.84
Birmingham,MI,42.55,-83.21
Bismarck,ND,46.83,-100.74
Bixby,OK,35.92,-95.88
Blackfoot,ID,43.32,-112.55
Blacksburg,VA,37.22,-80.4
Bloomfield,CT,41.84,-72.74
Bloomfield,NJ,40.81,-74.19
Blooming Grove,NY,41.42,-74.2
Bloomingdale,IL,41.9,-88.09
Bloomington,IL,40.48,-88.92
Bloomington,IN,39.17,-86.52
Bloomsburg,PA,41.02,-76.42
Blue Island,IL,41.65,-87.68
Blue Springs,MO,39.01,-94.28
Bluffton,IN,40.72,-85.18
Bluffton,SC,32.22,-80.89
Blythe,CA,33.67,-114.67
Blytheville,AR,35.92,-89.91
Boaz,AL,34.17,-86.18
Boca Raton,FL,26.37,-80.12
Boerne,TX,29.8,-98.68
Bogalusa,LA,30.77,-89.88
Boise,ID,43.54,-116.22
Bolingbrook,IL,41.69,-88.11
Bolivar,MO,37.64,-93.4
Bonham,TX,33.57,-96.17
Bonita Springs,FL,26.35,-81.78
Bonney Lake,WA,47.18,-122.17
Boone,IA,42.07,-93.87
Boone,NC,36.22,-81.66
Bordentown,NJ,40.1,-74.73
Borger,TX,35.69,-101.4
Bossier City,LA,32.56,-93.65
Boston,MA,42.35,-71.04
Bothell,WA,47.79,-122.2
Boulder,CO,40.04,-105.31
Boulder City,NV,35.96,-114.89
Bound Brook,NJ,40.58,-74.53
Bountiful,UT,40.88,-111.87
Bourbonnais,IL,41.18,-87.86
Bowie,MD,38.9,-76.81
Bowling Green,KY,36.98,-86.41
Bowling Green,OH,41.4,-83.65
Box Elder,SD,44.23,-102.98
Boynton Beach,FL,26.52,-80.11
Bozeman,MT,45.67,-111
Bradenton,FL,27.45,-82.5
Bradley,IL,41.15,-87.86
Brainerd,MN,46.32,-94.13
Braintree,MA,42.2,-71.04
Brandon,MS,32.3,-89.94
Brandon,SD,43.59,-96.58
Branford,CT,41.29,-72.79
Branson,MO,36.67,-93.24
Braselton,GA,34.13,-83.8
Brattleboro,VT,42.85,-72.59
Brawley,CA,32.99,-115.36
Brea,CA,33.93,-117.86
Brecksville,OH,41.3,-81.62
Bremerton,WA,47.58,-122.66
Brenham,TX,30.2,-96.4
Brentwood,CA,37.92,-121.67
Brentwood,TN,36.02,-86.78
Brewster,MA,41.75,-70.07
Brick,NJ,40.07,-74.11
Bridgeport,CT,41.18,-73.19
Bridgeton,MO,38.77,-90.43
Bridgeton,NJ,39.44,-75.26
Bridgeview,IL,41.74,-87.81
Bridgewater,MA,41.98,-70.97
Bridgewater,NJ,40.59,-74.62
Brigham City,UT,41.55,-112.05
Brighton,CO,39.97,-104.82
Brighton,MI,42.54,-83.76
Bristol,CT,41.68,-72.94
Bristol,IL,41.7,-88.44
Bristol,PA,40.11,-74.86
Bristol,RI,41.68,-71.27
Bristol,TN,36.55,-82.18
Bristol,VA,36.61,-82.19
Broadview Heights,OH,41.32,-81.68
Brockton,MA,42.08,-71.02
Broken Arrow,OK,36.03,-95.77
Bronx,NY,40.85,-73.88
Brookfield,CT,41.47,-73.39
Brookfield,IL,41.83,-87.85
Brookfield,WI,43.06,-88.12
Brookhaven,MS,31.57,-90.47
Brookhaven,NY,40.78,-72.91
Brookings,SD,44.35,-96.79
Brookline,MA,42.33,-71.13
Broomfield,CO,39.93,-105.07
Broussard,LA,30.13,-91.93
Brownsburg,IN,39.86,-86.38
Brownsville,TX,25.96,-97.47
Brownwood,TX,31.76,-99.06
Brunswick,GA,31.22,-81.52
Brunswick,ME,43.9,-69.97
Brunswick,OH,41.24,-81.83
Bryan,TX,30.68,-96.37
Bryant,AR,34.61,-92.49
Buck Creek,IN,40.49,-86.76
Buckeye,AZ,33.41,-112.65
Buckingham,PA,40.32,-75.06
Buckingham,VA,37.59,-78.62
Bucyrus,OH,40.82,-82.97
Buda,TX,30.08,-97.84
Buena Park,CA,33.86,-118
Buffalo,MN,45.17,-93.85
Buffalo,NY,42.88,-78.84
Buffalo Grove,IL,42.17,-87.96
Buford,GA,34.06,-84.01
Bullhead City,AZ,35.14,-114.54
Burbank,CA,34.18,-118.31
Burbank,IL,41.74,-87.77
Burkburnett,TX,34.1,-98.62
Burleson,TX,32.53,-97.31
Burley,ID,42.44,-113.82
Burlingame,CA,37.58,-122.37
Burlington,IA,40.86,-91.13
Burlington,MA,42.5,-71.2
Burlington,NC,36.09,-79.45
Burlington,NJ,40.07,-74.82
Burlington,VT,44.47,-73.16
Burlington,WA,48.5,-122.35
Burlington,WI,42.66,-88.28
Burnsville,MN,44.76,-93.28
Burton,MI,42.99,-83.62
Butler,PA,40.86,-79.9
Butte,MT,45.99,-112.59
Butte City,CA,39.45,-121.94
Byram,MS,32.19,-90.26
Byron,MI,42.79,-83.97
Cabot,AR,34.96,-92.06
Cadillac,MI,44.25,-85.51
Cairo,GA,30.88,-84.21
Calabasas,CA,34.14,-118.65
Caldwell,ID,43.7,-116.73
Caledonia,MI,42.79,-85.55
Caledonia,WI,42.82,-87.94
Calera,AL,33.1,-86.73
Calexico,CA,32.69,-115.52
Calhoun,GA,34.5,-84.95
California City,CA,35.17,-117.89
Calimesa,CA,33.99,-117.05
Calumet City,IL,41.61,-87.55
Camarillo,CA,34.22,-119.04
Camas,WA,45.64,-122.38
Cambridge,MA,42.37,-71.11
Cambridge,MD,38.5,-76.08
Cambridge,MN,45.57,-93.28
Cambridge,OH,40.04,-81.59
Camden,AR,33.62,-92.77
Camden,NC,36.35,-76.19
Camden,NJ,39.94,-75.11
Camillus,NY,43.05,-76.31
Camp Verde,AZ,34.5,-111.8
Campbell,CA,37.29,-121.96
Campbellsville,KY,37.37,-85.35
Canal Winchester,OH,39.83,-82.8
Canandaigua,NY,42.86,-77.3
Canby,OR,45.22,-122.67
Canfield,OH,41.01,-80.77
Canon City,CO,38.51,-105.44
Canton,CT,41.86,-72.9
Canton,GA,34.23,-84.47
Canton,IL,40.54,-90.02
Canton,MA,42.18,-71.13
Canton,MI,42.31,-83.48
Canton,MS,32.63,-89.98
Canton,NY,44.58,-75.14
Canton,OH,40.82,-81.38
Canyon,TX,34.96,-101.92
Cape Canaveral,FL,28.4,-80.61
Cape Coral,FL,26.62,-81.97
Cape Girardeau,MO,37.32,-89.54
Carbondale,IL,37.69,-89.2
Carencro,LA,30.33,-92.03
Carlisle,PA,40.21,-77.21
Carlsbad,CA,33.14,-117.3
Carlsbad,NM,32.33,-104.36
Carmel,IN,40.01,-86.11
Carmel,NY,41.46,-73.72
Carol Stream,IL,41.88,-88.11
Carpentersville,IL,42.11,-88.29
Carpinteria,CA,34.42,-119.51
Carrboro,NC,35.92,-79.08
Carroll,IA,42.07,-94.87
Carrollton,GA,33.58,-85.08
Carrollton,TX,32.99,-96.89
Carson,CA,33.83,-118.26
Carson City,NV,39.16,-119.78
Carter,KY,38.43,-83.13
Carteret,NJ,40.58,-74.23
Cartersville,GA,34.19,-84.81
Carthage,MO,37.19,-94.28
Carver,MA,41.88,-70.75
Cary,IL,42.22,-88.24
Cary,NC,35.78,-78.82
Casa Grande,AZ,32.86,-111.72
Caseyville,IL,38.63,-90
Casper,WY,42.9,-106.41
Casselberry,FL,28.68,-81.29
Castle Rock,CO,39.37,-104.86
Cathedral City,CA,33.8,-116.47
Catskill,NY,42.23,-73.91
Cayce,SC,33.95,-81.06
Cecil,PA,40.32,-80.19
Cedar,IA,41.2,-92.51
Cedar City,UT,37.68,-113.13
Cedar Falls,IA,42.5,-92.4
Cedar Grove,NJ,40.86,-74.23
Cedar Hill,TX,32.59,-96.96
Cedar Lake,IN,41.37,-87.48
Cedar Park,TX,30.51,-97.82
Cedar Rapids,IA,42.04,-91.64
Cedarburg,WI,43.31,-88.03
Cedartown,GA,34,-85.28
Celina,OH,40.56,-84.6
Celina,TX,33.34,-96.75
Centerton,AR,36.37,-94.3
Centerville,UT,40.93,-111.88
Central Falls,RI,41.89,-71.39
Central Point,OR,42.41,-122.95
Centralia,IL,38.51,-89.14
Centralia,WA,46.73,-122.9
Ceres,CA,37.55,-120.95
Cerritos,CA,33.87,-118.07
Chambersburg,PA,39.92,-77.63
Champaign,IL,40.12,-88.28
Champlin,MN,45.17,-93.39
Chandler,AZ,33.28,-111.87
Chanhassen,MN,44.86,-93.55
Channahon,IL,41.42,-88.2
Chapel Hill,NC,35.94,-79.08
Charleston,IL,39.51,-88.15
Charleston,SC,32.83,-79.95
Charleston,WV,38.34,-81.61
Charlestown,IN,38.47,-85.63
Charlotte,NC,35.23,-80.82
Charlottesville,VA,38.03,-78.5
Charlton,MA,42.14,-71.98
Chaska,MN,44.81,-93.64
Chatham,IL,39.68,-89.71
Chatham,NJ,40.73,-74.41
Chattanooga,TN,35.05,-85.29
Chelmsford,MA,42.59,-71.36
Chelsea,AL,33.31,-86.66
Chelsea,MA,42.4,-71.03
Cheltenham,PA,40.06,-75.11
Cheney,WA,47.42,-117.63
Cherokee,NC,35.52,-83.33
Cherokee,TX,30.99,-98.74
Cherry Hill,NJ,39.91,-75
Cherry Valley,IL,42.2,-88.95
Chesapeake,VA,36.74,-76.28
Cheshire,CT,41.46,-72.91
Chester,NY,41.34,-74.26
Chester,PA,39.89,-75.39
Chesterfield,MO,38.65,-90.59
Chesterfield,VA,37.36,-77.61
Chesterton,IN,41.61,-87.05
Cheyenne,WY,41.17,-104.8
Chicago,IL,41.85,-87.68
Chicago Heights,IL,41.51,-87.61
Chicago Ridge,IL,41.7,-87.78
Chickasha,OK,35.05,-97.94
Chico,CA,39.77,-121.86
Chicopee,MA,42.17,-72.58
Chillicothe,OH,39.31,-82.96
Chino,CA,33.98,-117.66
Chino Hills,CA,33.96,-117.74
Chino Valley,AZ,34.77,-112.41
Chippewa Falls,WI,44.95,-91.39
Choctaw,OK,35.46,-97.26
Chowchilla,CA,37.1,-120.28
Christiansburg,VA,37.14,-80.42
Chula Vista,CA,32.63,-117.03
Cibolo,TX,29.57,-98.22
Cicero,IL,41.84,-87.76
Cicero,NY,43.17,-76.06
Cincinnati,OH,39.17,-84.5
Circleville,OH,39.59,-82.96
Citrus Heights,CA,38.7,-121.29
Clackamas,OR,45.41,-122.54
Claremont,CA,34.13,-117.71
Claremont,NH,43.36,-72.33
Claremore,OK,36.34,-95.6
Clarence,NY,42.98,-78.61
Clark,NJ,40.62,-74.32
Clarksburg,WV,39.29,-80.36
Clarksdale,MS,34.16,-90.6
Clarkston,GA,33.81,-84.24
Clarksville,IN,38.31,-85.77
Clarksville,TN,36.52,-87.34
Clawson,MI,42.54,-83.15
Clay,AL,33.7,-86.6
Clay,NY,43.19,-76.19
Clay City,IN,39.27,-87.11
Clayton,CA,37.9,-121.88
Clayton,NC,35.64,-78.44
Clayton,OH,39.86,-84.34
Clearfield,UT,41.06,-112.07
Clearlake,CA,38.97,-122.62
Clearwater,FL,27.94,-82.73
Cleburne,TX,32.32,-97.42
Clemmons,NC,36,-80.38
Clemson,SC,34.68,-82.83
Clermont,FL,28.53,-81.76
Cleveland,MS,33.69,-90.77
Cleveland,OH,41.52,-81.66
Cleveland,TN,35.16,-84.87
Cliffside Park,NJ,40.82,-73.99
Clifton,NJ,40.86,-74.15
Clifton Park,NY,42.85,-73.79
Clinton,CT,41.3,-72.53
Clinton,IA,41.85,-90.2
Clinton,MA,42.41,-71.69
Clinton,MI,42.46,-83.17
Clinton,MS,32.34,-90.36
Clinton,NJ,40.66,-74.93
Clinton,OH,40.95,-81.58
Clinton,TN,36.11,-84.17
Clive,IA,41.61,-93.8
Cloquet,MN,46.75,-92.53
Clovis,CA,36.84,-119.67
Clovis,NM,34.45,-103.24
Clute,TX,29.05,-95.39
Coachella,CA,33.69,-116.17
Coalinga,CA,36.22,-120.42
Coatesville,PA,39.96,-75.83
Cobb,GA,31.97,-83.97
Cochise,AZ,32.04,-109.9
Cocoa,FL,28.39,-80.78
Cocoa Beach,FL,28.32,-80.62
Coconut Creek,FL,26.25,-80.18
Cody,WY,44.49,-109.59
Coeur d'Alene,ID,47.7,-116.73
Cohoes,NY,42.78,-73.73
Colchester,CT,41.55,-72.35
Colchester,VT,44.52,-73.17
Coldwater,MI,41.91,-85.03
Colerain,OH,40.12,-80.81
College Park,MD,38.94,-76.92
College Station,TX,30.62,-96.32
Collegedale,TN,35.05,-85.05
Colleyville,TX,32.89,-97.15
Collierville,TN,35.06,-89.65
Collingswood,NJ,39.91,-75.06
Collinsville,IL,38.68,-89.98
Colonial Heights,VA,37.29,-77.4
Colorado Springs,CO,38.84,-104.77
Colton,CA,34.03,-117.29
Columbia,IL,38.44,-90.22
Columbia,MO,38.95,-92.33
Columbia,PA,40.04,-76.49
Columbia,SC,34.02,-81.01
Columbia,TN,35.63,-87.03
Columbia City,IN,41.15,-85.48
Columbus,GA,32.49,-84.93
Columbus,IN,39.2,-85.91
Columbus,MS,33.5,-88.4
Columbus,NE,41.44,-97.38
Columbus,OH,39.99,-82.99
Commerce City,CO,39.85,-104.86
Commerce Township,MI,42.59,-83.51
Compton,CA,33.87,-118.24
Comstock,MI,42.29,-85.51
Concord,CA,37.97,-122.01
Concord,MA,42.46,-71.36
Concord,NC,35.38,-80.58
Concord,NH,43.27,-71.6
Concord,PA,40.24,-77.72
Conneaut,OH,41.9,-80.59
Connersville,IN,39.62,-85.16
Conroe,TX,30.28,-95.41
Converse,TX,29.49,-98.29
Conway,AR,35.08,-92.41
Conway,NH,43.96,-71.27
Conway,SC,33.86,-79
Conyers,GA,33.66,-84.01
Cookeville,TN,36.18,-85.49
Coolidge,AZ,32.99,-111.54
Coos Bay,OR,43.35,-124.14
Coppell,TX,32.96,-96.99
Copperas Cove,TX,31.22,-97.97
Coral Gables,FL,25.72,-80.27
Coral Springs,FL,26.27,-80.27
Coralville,IA,41.7,-91.6
Corcoran,CA,36.04,-119.53
Corinth,MS,34.92,-88.54
Cornelius,NC,35.47,-80.9
Cornelius,OR,45.5,-123.04
Corning,NY,42.14,-77.04
Cornwall,NY,41.42,-74.04
Corona,CA,33.86,-117.55
Coronado,CA,32.7,-117.19
Corpus Christi,TX,27.76,-97.44
Corsicana,TX,32.06,-96.45
Corte Madera,CA,37.93,-122.52
Cortland,IL,41.92,-88.69
Cortland,NY,42.57,-76.2
Corvallis,OR,44.56,-123.27
Coshocton,OH,40.26,-81.88
Costa Mesa,CA,33.66,-117.92
Cottage Grove,MN,44.82,-92.93
Cottage Grove,OR,43.74,-123.02
Cottonwood,AZ,34.7,-112.02
Council Bluffs,IA,41.24,-95.84
Country Club Hills,IL,41.56,-87.73
Coventry,CT,41.78,-72.34
Coventry,RI,41.7,-71.62
Covina,CA,34.09,-117.88
Covington,GA,33.57,-83.87
Covington,KY,39.02,-84.53
Covington,LA,30.5,-90.12
Coweta,OK,35.96,-95.63
Cranberry Township,PA,41.02,-79.87
Cranford,NJ,40.66,-74.3
Cranston,RI,41.77,-71.47
Crawfordsville,IN,40.04,-86.9
Crest Hill,IL,41.55,-88.13
Crestview,FL,30.77,-86.53
Crestwood,IL,41.64,-87.74
Crete,IL,41.43,-87.59
Cromwell,CT,41.62,-72.66
Crossville,TN,35.96,-85
Crowley,LA,30.22,-92.34
Crowley,TX,32.58,-97.42
Crown Point,IN,41.41,-87.35
Crystal Lake,IL,42.27,-88.36
Cuba,IL,40.51,-90.19
Cudahy,WI,42.95,-87.86
Cullman,AL,34.18,-86.82
Culpeper,VA,38.44,-78
Culver City,CA,34.02,-118.4
Cumberland,MD,39.62,-78.76
Cumberland,NC,35,-78.97
Cumberland,RI,41.97,-71.42
Cumberland,VA,37.5,-78.25
Cumming,GA,34.23,-84.16
Cupertino,CA,37.32,-122.06
Currituck,NC,36.43,-75.99
Custer,MT,46.28,-107.81
Cuyahoga Falls,OH,41.15,-81.49
Cypress,CA,33.82,-118.04
Dallas,GA,33.94,-84.86
Dallas,OR,44.93,-123.35
Dallas,TX,32.79,-96.79
Dalton,GA,34.76,-84.96
Daly City,CA,37.7,-122.46
Dana Point,CA,33.48,-117.71
Danbury,CT,41.37,-73.43
Danvers,MA,42.57,-70.95
Danville,CA,37.81,-121.95
Danville,IL,40.14,-87.65
Danville,IN,39.77,-86.55
Danville,KY,37.64,-84.78
Danville,VA,36.6,-79.45
Daphne,AL,30.61,-87.86
Darby,PA,39.92,-75.27
Darien,CT,41.08,-73.48
Darien,IL,41.75,-87.98
Dartmouth,MA,41.76,-71.07
Davenport,FL,28.23,-81.62
Davenport,IA,41.57,-90.6
Davidson,NC,35.49,-80.82
Davis,CA,38.55,-121.74
Davison,MI,43.04,-83.51
Dayton,MN,45.2,-93.48
Dayton,OH,39.75,-84.2
Daytona Beach,FL,29.2,-81.03
De Pere,WI,44.4,-88.1
Dearborn,MI,42.29,-83.19
Dearborn Heights,MI,42.31,-83.27
Debary,FL,28.88,-81.32
Decatur,AL,34.6,-86.98
Decatur,GA,33.76,-84.27
Decatur,IL,39.85,-88.98
Decatur,IN,40.83,-84.94
Dedham,MA,42.22,-71.14
Deer Park,TX,29.7,-95.12
Deerfield,IL,42.17,-87.88
Deerfield,OH,41.04,-81.04
Deerfield Beach,FL,26.31,-80.12
Defiance,OH,41.3,-84.36
Deforest,WI,43.25,-89.33
Dekalb,IL,41.9,-88.76
Del Rio,TX,29.46,-100.91
Deland,FL,29.02,-81.3
Delano,CA,35.78,-119.22
Delaware,OH,40.3,-83.06
Delray Beach,FL,26.46,-80.1
Deltona,FL,28.96,-81.19
Deming,NM,32.21,-107.73
Denison,TX,33.75,-96.53
Dennis,MA,41.73,-70.2
Denton,TX,33.2,-97.12
Denver,CO,39.74,-104.98
Denville,NJ,40.89,-74.49
Depew,NY,42.9,-78.7
Deptford,NJ,39.83,-75.13
Derby,CT,41.33,-73.08
Derby,KS,37.57,-97.22
Derry,NH,42.89,-71.28
Derry,PA,40.35,-79.3
Des Moines,IA,41.65,-93.58
Des Plaines,IL,42.02,-87.9
Desert Hot Springs,CA,33.9,-116.4
Desha,AR,35.74,-91.68
Desoto,TX,32.6,-96.86
Destin,FL,30.4,-86.49
Detroit,MI,42.34,-83.1
Detroit Lakes,MN,46.83,-95.83
Dewitt,MI,42.86,-84.59
Diamond Bar,CA,33.99,-117.82
Diberville,MS,30.44,-88.9
Dickinson,ND,46.9,-102.81
Dickinson,TX,29.45,-95.03
Dickson,TN,36.11,-87.39
Dinuba,CA,36.52,-119.39
Dinwiddie,VA,37.05,-77.54
Dixon,CA,38.41,-121.76
Dixon,IL,41.83,-89.48
Dobbs Ferry,NY,41.01,-73.86
Dodge City,KS,37.72,-100.06
Dolton,IL,41.63,-87.6
Dona Ana,NM,32.4,-106.82
Donna,TX,26.16,-98.06
Dorchester,SC,33.14,-80.43
Dothan,AL,31.2,-85.41
Douglas,AZ,31.44,-109.5
Douglas,GA,31.51,-82.85
Douglasville,GA,33.72,-84.75
Dover,DE,39.16,-75.51
Dover,NH,43.2,-70.88
Dover,NJ,40.89,-74.57
Dover,OH,40.55,-81.48
Dover,PA,40.03,-76.86
Downers Grove,IL,41.79,-88.01
Downey,CA,33.94,-118.13
Doylestown,PA,40.33,-75.12
Dracut,MA,42.68,-71.3
Draper,UT,40.5,-111.87
Dripping Springs,TX,30.23,-98.14
Dryden,NY,42.48,-76.27
Duarte,CA,34.14,-117.97
Dublin,CA,37.72,-121.91
Dublin,GA,32.52,-82.92
Dublin,OH,40.11,-83.14
Dubois,IN,38.47,-86.79
Dubuque,IA,42.5,-90.69
Dudley,MA,42.05,-71.94
Duluth,GA,33.99,-84.11
Duluth,MN,46.81,-92.13
Dumas,TX,35.9,-102.03
Dumont,NJ,40.95,-73.99
Duncan,OK,34.5,-97.9
Duncanville,TX,32.69,-96.87
Dundee,IL,42.11,-88.3
Dunedin,FL,27.97,-82.75
Dunkirk,NY,42.48,-79.32
Durango,CO,37.28,-107.88
Durant,OK,33.97,-96.28
Durham,NC,36.01,-78.89
Durham,NH,43.12,-70.92
Duxbury,MA,42.01,-70.7
Dyer,IN,41.47,-87.51
Dyersburg,TN,36.03,-89.38
Eagle,ID,43.78,-116.39
Eagle Mountain,UT,40.33,-112
Eagle Pass,TX,28.71,-100.4
Easley,SC,34.82,-82.6
East Bridgewater,MA,42.04,-70.94
East Brunswick,NJ,40.43,-74.42
East Chicago,IN,41.65,-87.45
East Greenbush,NY,42.6,-73.66
East Greenwich,RI,41.64,-71.49
East Hampton,CT,41.56,-72.5
East Hampton,NY,41.01,-72.17
East Hanover,NJ,40.82,-74.36
East Hartford,CT,41.78,-72.67
East Lansing,MI,42.74,-84.48
East Longmeadow,MA,42.06,-72.5
East Lyme,CT,41.39,-72.23
East Moline,IL,41.52,-90.39
East Orange,NJ,40.77,-74.21
East Peoria,IL,40.69,-89.56
East Providence,RI,41.82,-71.37
East Rockaway,NY,40.64,-73.67
East Rutherford,NJ,40.82,-74.09
East Saint Louis,IL,38.61,-90.13
East Wenatchee,WA,47.49,-120.18
East Windsor,CT,41.92,-72.58
Eastchester,NY,40.95,-73.81
Easthampton,MA,42.3,-72.75
Eastlake,OH,41.65,-81.44
Easton,MA,42.02,-71.13
Easton,MD,38.79,-76.08
Easton,PA,40.69,-75.23
Eastpointe,MI,42.47,-82.95
Eatontown,NJ,40.3,-74.16
Eau Claire,WI,44.8,-91.51
Eden,NC,36.45,-79.76
Eden Prairie,MN,44.86,-93.46
Edgewater,FL,28.96,-80.92
Edgewater,NJ,40.82,-73.97
Edinburg,TX,26.37,-98.18
Edison,NJ,40.51,-74.39
Edmond,OK,35.68,-97.51
Edmonds,WA,47.82,-122.35
Edwardsville,IL,38.82,-89.94
Effingham,IL,39.12,-88.56
Egg Harbor City,NJ,39.49,-74.59
El Cajon,CA,32.8,-116.92
El Campo,TX,29.21,-96.28
El Centro,CA,32.78,-115.64
El Cerrito,CA,37.92,-122.3
El Dorado,AR,33.21,-92.65
El Dorado,CA,38.6,-120.86
El Dorado,KS,37.86,-96.78
El Mirage,AZ,33.59,-112.33
El Monte,CA,34.07,-118.03
El Paso,TX,31.71,-106.31
El Reno,OK,35.51,-97.96
El Segundo,CA,33.92,-118.4
Elbert,CO,39.19,-104.52
Elgin,IL,42.04,-88.31
Elgin,TX,30.34,-97.36
Elizabeth,NJ,40.66,-74.21
Elizabeth,PA,40.26,-79.85
Elizabeth City,NC,36.29,-76.25
Elizabethton,TN,36.37,-82.17
Elizabethtown,KY,37.7,-85.85
Elizabethtown,PA,40.17,-76.61
Elk City,OK,35.42,-99.42
Elk Grove,CA,38.4,-121.39
Elk Grove Village,IL,42.01,-87.98
Elk River,MN,45.33,-93.57
Elkhart,IN,41.68,-85.97
Elkhorn,WI,42.72,-88.53
Elko,NV,40.97,-115.76
Elkton,MD,39.62,-75.84
Ellensburg,WA,47.01,-120.46
Ellington,CT,41.91,-72.45
Elma,NY,42.83,-78.63
Elmhurst,IL,41.9,-87.94
Elmira,NY,42.11,-76.8
Elmwood Park,IL,41.92,-87.81
Elmwood Park,NJ,40.9,-74.12
Elon,NC,36.22,-79.49
Eloy,AZ,32.67,-111.55
Elyria,OH,41.38,-82.11
Emeryville,CA,37.84,-122.29
Emmaus,PA,40.53,-75.5
Emmett,MI,43.02,-82.8
Emporia,KS,38.41,-96.22
Encinitas,CA,33.05,-117.27
Endicott,NY,42.11,-76.06
Enfield,CT,41.98,-72.57
Englewood,CO,39.63,-104.96
Englewood,NJ,40.89,-73.97
Englewood,OH,39.9,-84.33
Enid,OK,36.4,-97.86
Ennis,TX,32.33,-96.61
Enterprise,AL,31.31,-85.88
Enumclaw,WA,47.22,-121.91
Ephrata,PA,40.17,-76.17
Erie,CO,40.05,-105.02
Erie,PA,42.13,-80.07
Erlanger,KY,39.03,-84.61
Escanaba,MI,45.77,-87.13
Escondido,CA,33.13,-117.08
Espanola,NM,36.01,-106.08
Essex,VT,44.51,-73.05
Essex Junction,VT,44.49,-73.06
Estero,FL,26.42,-81.76
Etna,OH,39.96,-82.68
Euclid,OH,41.59,-81.52
Eufaula,AL,31.98,-85.13
Eugene,OR,44.06,-123.12
Euless,TX,32.84,-97.09
Eureka,CA,40.78,-124.14
Eureka,MO,38.49,-90.62
Eustis,FL,28.88,-81.61
Evans,CO,40.37,-104.72
Evans,GA,33.56,-82.17
Evanston,IL,42.05,-87.69
Evanston,WY,41.14,-110.78
Evansville,IN,38,-87.57
Everett,MA,42.41,-71.05
Everett,WA,47.94,-122.23
Evergreen Park,IL,41.72,-87.7
Excelsior Springs,MO,39.33,-94.23
Exeter,CA,36.3,-119.03
Exeter,NH,42.98,-70.98
Fair Lawn,NJ,40.94,-74.12
Fairbanks,AK,65.08,-147.53
Fairborn,OH,39.82,-83.99
Fairburn,GA,33.59,-84.64
Fairfax,VA,38.83,-77.29
Fairfield,CA,38.26,-122.07
Fairfield,CT,41.18,-73.25
Fairfield,OH,39.39,-84.56
Fairhaven,MA,41.63,-70.87
Fairhope,AL,30.48,-87.86
Fairmont,MN,43.63,-94.46
Fairmont,WV,39.49,-80.16
Fairview,NJ,40.82,-74
Fairview,OR,45.55,-122.44
Fairview,PA,41.1,-77.81
Fairview,TN,35.99,-87.14
Fairview Heights,IL,38.6,-90
Fall River,MA,41.69,-71.15
Falls,PA,41.46,-75.86
Falls Church,VA,38.88,-77.17
Fallsburg,NY,41.73,-74.62
Falmouth,MA,41.56,-70.62
Falmouth,ME,43.74,-70.28
Fannin,TX,28.68,-97.2
Fargo,ND,46.87,-96.8
Faribault,MN,44.3,-93.28
Farmersville,CA,36.3,-119.2
Farmington,AR,36.03,-94.27
Farmington,CT,41.77,-72.77
Farmington,MI,42.47,-83.38
Farmington,MN,44.63,-93.12
Farmington,MO,37.75,-90.38
Farmington,NM,36.62,-108.18
Farmington,NY,42.99,-77.34
Farmington,UT,40.98,-111.9
Fate,TX,32.95,-96.37
Fayetteville,AR,36.07,-94.15
Fayetteville,GA,33.44,-84.47
Fayetteville,NC,35.04,-78.9
Federal Way,WA,47.31,-122.27
Fenton,MI,42.76,-83.74
Fergus Falls,MN,46.28,-96.08
Fernandina Beach,FL,30.64,-81.48
Ferndale,MI,42.46,-83.14
Ferndale,WA,48.86,-122.62
Fernley,NV,39.57,-119.17
Festus,MO,38.14,-90.39
Fillmore,CA,34.4,-118.91
Findlay,OH,41.04,-83.65
Firestone,CO,40.11,-104.93
Fishers,IN,39.96,-85.99
Fishkill,NY,41.53,-73.89
Fitchburg,MA,42.58,-71.82
Flagstaff,AZ,35.23,-111.54
Flat Rock,MI,42.11,-83.3
Flint,MI,43.01,-83.72
Floral Park,NY,40.73,-73.7
Florence,AL,34.87,-87.7
Florence,AZ,32.93,-111.21
Florence,KY,38.98,-84.7
Florence,NJ,40.12,-74.8
Florence,SC,34.14,-79.72
Florham Park,NJ,40.78,-74.39
Florissant,MO,38.78,-90.33
Flower Mound,TX,33.09,-97.1
Flowery Branch,GA,34.18,-83.91
Flowood,MS,32.33,-90.09
Flushing,MI,43.08,-83.87
Foley,AL,30.4,-87.72
Folsom,CA,38.67,-121.15
Fond Du Lac,WI,43.78,-88.42
Fontana,CA,34.09,-117.46
Forest Grove,OR,45.58,-123.17
Forest Lake,MN,45.27,-93.02
Forest Park,GA,33.56,-84.36
Forest Park,IL,41.87,-87.82
Forney,TX,32.74,-96.45
Forrest City,AR,35,-90.77
Fort Atkinson,WI,42.92,-88.86
Fort Collins,CO,40.58,-105.07
Fort Dodge,IA,42.49,-94.19
Fort Gratiot,MI,43.09,-82.49
Fort Lauderdale,FL,26.13,-80.21
Fort Lee,NJ,40.85,-73.97
Fort Mill,SC,35.01,-80.93
Fort Morgan,CO,40.17,-103.87
Fort Myers,FL,26.56,-81.86
Fort Oglethorpe,GA,34.95,-85.24
Fort Payne,AL,34.48,-85.71
Fort Pierce,FL,27.43,-80.39
Fort Smith,AR,35.37,-94.4
Fort Thomas,KY,39.08,-84.46
Fort Walton Beach,FL,30.43,-86.67
Fort Wayne,IN,41.09,-85.1
Fort Worth,TX,32.76,-97.32
Fortuna,CA,40.58,-124.14
Fostoria,OH,41.17,-83.4
Fountain,CO,38.64,-104.69
Fountain Hills,AZ,33.61,-111.73
Fountain Inn,SC,34.67,-82.19
Fountain Valley,CA,33.71,-117.94
Fox Lake,IL,42.39,-88.17
Framingham,MA,42.39,-71.45
Franconia,PA,40.31,-75.36
Frankfort,IL,41.48,-87.83
Frankfort,IN,40.3,-86.49
Frankfort,KY,38.22,-84.87
Franklin,IN,39.47,-86.04
Franklin,KY,36.72,-86.57
Franklin,MA,42.08,-71.41
Franklin,NJ,41.11,-74.6
Franklin,OH,39.54,-84.3
Franklin,TN,35.92,-86.88
Franklin,WI,42.88,-88.01
Franklin Lakes,NJ,41.01,-74.21
Franklin Park,IL,41.94,-87.88
Fraser,MI,42.54,-82.95
Frederick,CO,40.1,-104.93
Frederick,MD,39.42,-77.4
Fredericksburg,TX,30.28,-98.88
Fredericksburg,VA,38.3,-77.5
Freehold,NJ,40.23,-74.29
Freeport,IL,42.32,-89.64
Freeport,NY,40.65,-73.58
Freeport,TX,28.99,-95.32
Fremont,CA,37.56,-121.97
Fremont,NE,41.44,-96.49
Fremont,OH,41.36,-83.11
Fresno,CA,36.76,-119.69
Friendswood,TX,29.53,-95.19
Frisco,TX,33.18,-96.84
Front Royal,VA,38.93,-78.18
Fruita,CO,39.13,-108.81
Fruitport,MI,43.15,-86.11
Fullerton,CA,33.88,-117.93
Fulshear,TX,29.67,-95.92
Fulton,MO,38.84,-91.98
Fulton,NY,43.33,-76.38
Fuquay Varina,NC,35.54,-78.83
Gadsden,AL,34,-85.95
Gaffney,SC,35.03,-81.65
Gaines,MI,42.87,-83.88
Gainesville,FL,29.66,-82.36
Gainesville,GA,34.31,-83.86
Gainesville,TX,33.64,-97.11
Gaithersburg,MD,39.15,-77.2
Galena Park,TX,29.74,-95.24
Galesburg,IL,40.95,-90.38
Galion,OH,40.71,-82.79
Gallatin,TN,36.4,-86.46
Gallup,NM,35.48,-108.76
Galt,CA,38.27,-121.26
Galveston,TX,29.29,-94.85
Garden,MI,43.43,-84.35
Garden City,ID,43.73,-116.29
Garden City,KS,38.03,-100.77
Garden City,NY,40.73,-73.63
Garden Grove,CA,33.78,-117.97
Gardena,CA,33.89,-118.3
Gardendale,AL,33.7,-86.85
Gardner,KS,38.82,-94.94
Gardner,MA,42.59,-71.99
Garfield,NJ,40.88,-74.11
Garland,TX,32.91,-96.64
Garner,NC,35.66,-78.59
Garrard,KY,37.12,-83.73
Gary,IN,41.58,-87.34
Gastonia,NC,35.25,-81.18
Gates,NC,36.5,-76.78
Gatesville,TX,31.47,-97.74
Gautier,MS,30.41,-88.64
Genesee,MI,43.12,-83.61
Geneseo,NY,42.8,-77.77
Geneva,IL,41.88,-88.34
Geneva,NY,42.85,-77
Geneva,OH,41.78,-80.95
Genoa,OH,41.52,-83.37
Georgetown,IN,38.31,-85.98
Georgetown,KY,38.25,-84.55
Georgetown,TX,30.67,-97.71
Germantown,TN,35.12,-89.84
Germantown,WI,43.23,-88.12
Gig Harbor,WA,47.34,-122.65
Gilbert,AZ,33.32,-111.76
Gillette,WY,44.21,-105.61
Gilroy,CA,37.02,-121.56
Gladstone,OR,45.39,-122.59
Glasgow,KY,36.98,-85.91
Glassboro,NJ,39.7,-75.12
Glastonbury,CT,41.71,-72.54
Glen Carbon,IL,38.75,-89.97
Glen Cove,NY,40.87,-73.63
Glen Ellyn,IL,41.88,-88.06
Glen Rock,NJ,40.96,-74.13
Glendale,AZ,33.58,-112.2
Glendale,CA,34.15,-118.26
Glendale Heights,IL,41.92,-88.08
Glendora,CA,34.14,-117.85
Glenn,CA,39.58,-122.03
Glenpool,OK,35.95,-96.01
Glens Falls,NY,43.31,-73.65
Glenview,IL,42.08,-87.83
Glenwood Springs,CO,39.58,-107.31
Gloucester,MA,42.62,-70.67
Gloucester,VA,37.43,-76.54
Gloucester City,NJ,39.89,-75.12
Gloversville,NY,43.13,-74.34
Godfrey,IL,38.96,-90.24
Goffstown,NH,43.02,-71.56
Golden,CO,39.76,-105.24
Goldsboro,NC,35.37,-78
Goleta,CA,34.4,-119.9
Gonzales,LA,30.21,-90.9
Goochland,VA,37.71,-78.01
Goodlettsville,TN,36.34,-86.73
Goodyear,AZ,33.42,-112.4
Goose Creek,SC,33,-79.97
Gorham,ME,43.7,-70.46
Goshen,IN,41.59,-85.84
Goshen,NY,41.38,-74.35
Goshen,OH,39.22,-84.12
Grafton,IL,39.01,-90.47
Grafton,MA,42.2,-71.68
Grafton,WI,43.33,-87.93
Graham,NC,35.97,-79.35
Grain Valley,MO,39.01,-94.22
Granbury,TX,32.44,-97.76
Granby,CT,41.96,-72.8
Grand Blanc,MI,42.92,-83.62
Grand Forks,ND,47.93,-97.08
Grand Haven,MI,43.02,-86.16
Grand Island,NE,40.93,-98.4
Grand Island,NY,43.02,-78.96
Grand Junction,CO,39.08,-108.52
Grand Prairie,TX,32.7,-97.02
Grand Rapids,MI,42.98,-85.61
Grand Rapids,MN,47.24,-93.52
Grand Terrace,CA,34.03,-117.31
Grandview,MO,38.88,-94.52
Grandview,WA,46.27,-119.89
Grandville,MI,42.9,-85.76
Granite City,IL,38.73,-90.11
Grants Pass,OR,42.45,-123.36
Grantsville,UT,40.65,-112.73
Granville,OH,40.08,-82.54
Grapevine,TX,32.92,-97.07
Grass Valley,CA,39.15,-121.05
Grayslake,IL,42.34,-88.04
Great Bend,KS,38.35,-98.8
Great Falls,MT,47.52,-111.29
Great Neck,NY,40.78,-73.69
Greeley,CO,40.41,-104.72
Green,OH,40.93,-81.46
Green Bay,WI,44.5,-88.03
Green Cove Springs,FL,29.94,-81.73
Green River,WY,41.69,-109.66
Greenacres,FL,26.62,-80.13
Greenbelt,MD,39,-76.88
Greencastle,IN,39.65,-86.89
Greendale,WI,42.94,-88
Greeneville,TN,36.17,-82.84
Greenfield,CA,36.25,-121.39
Greenfield,IN,39.8,-85.77
Greenfield,MA,42.58,-72.61
Greensboro,NC,36.08,-79.8
Greensburg,IN,39.31,-85.48
Greensburg,PA,40.32,-79.5
Greenville,MS,33.33,-91.07
Greenville,NC,35.59,-77.36
Greenville,OH,40.1,-84.65
Greenville,SC,34.85,-82.41
Greenville,TX,33.14,-96.08
Greenville,WI,44.29,-88.55
Greenwich,CT,41.05,-73.64
Greenwood,IN,39.61,-86.15
Greenwood,MS,33.53,-90.16
Greenwood,SC,34.19,-82.16
Greer,SC,34.95,-82.26
Grenada,MS,33.77,-89.8
Gresham,OR,45.5,-122.41
Gretna,LA,29.9,-90.04
Griffin,GA,33.25,-84.26
Griffith,IN,41.53,-87.42
Grimes,IA,41.69,-93.8
Grosse Ile,MI,42.13,-83.15
Groton,CT,41.38,-72.06
Groton,MA,42.61,-71.57
Grove City,OH,39.87,-83.12
Groveland,FL,28.56,-81.9
Groveland,IL,40.58,-89.52
Grover Beach,CA,35.12,-120.62
Groves,TX,29.95,-93.92
Grovetown,GA,33.47,-82.22
Guilderland,NY,42.7,-73.9
Guilford,CT,41.33,-72.7
Guilford,IN,39.2,-84.95
Gulf Shores,AL,30.26,-87.72
Gulfport,MS,30.42,-89.08
Gurnee,IL,42.37,-87.94
Guthrie,OK,35.86,-97.42
Guymon,OK,36.74,-101.51
Gypsum,KS,38.66,-97.41
Hackensack,NJ,40.89,-74.04
Hackettstown,NJ,40.85,-74.84
Haddonfield,NJ,39.89,-75.04
Hagerstown,MD,39.63,-77.71
Haines City,FL,28.05,-81.6
Half Moon Bay,CA,37.47,-122.41
Haltom City,TX,32.8,-97.27
Hamburg,MI,42.45,-83.81
Hamburg,NY,42.71,-78.83
Hamden,CT,41.39,-72.92
Hamilton,OH,39.42,-84.57
Hamilton,PA,40.92,-79.08
Hammond,IN,41.59,-87.47
Hammond,LA,30.51,-90.47
Hammonton,NJ,39.64,-74.76
Hampton,IL,41.55,-90.41
Hampton,NH,42.97,-70.93
Hampton,VA,37.05,-76.36
Hamtramck,MI,42.41,-83.06
Hanahan,SC,32.93,-80
Hanford,CA,36.31,-119.63
Hannibal,MO,39.69,-91.46
Hanover,IL,42.27,-90.31
Hanover,IN,38.67,-85.48
Hanover,MA,42.11,-70.84
Hanover,NH,43.73,-72.14
Hanover,PA,39.8,-76.98
Hanover,VA,37.77,-77.32
Hanover Park,IL,41.98,-88.14
Hanson,MA,42.05,-70.87
Happy Valley,OR,45.45,-122.53
Harborcreek,PA,42.17,-79.93
Hardeeville,SC,32.23,-81.06
Harker Heights,TX,31.05,-97.64
Harlingen,TX,26.22,-97.71
Harper Woods,MI,42.44,-82.93
Harrisburg,NC,35.3,-80.64
Harrisburg,PA,40.28,-76.86
Harrisburg,SD,43.42,-96.68
Harrison,AR,36.24,-93.1
Harrison,MI,43.32,-83.83
Harrison,NJ,40.74,-74.15
Harrison,NY,40.98,-73.72
Harrison,OH,39.26,-84.76
Harrisonburg,VA,38.44,-78.87
Hartford,CT,41.78,-72.7
Hartford,VT,43.67,-72.36
Hartford,WI,43.32,-88.37
Hartland,MI,42.65,-83.71
Hartland,WI,43.15,-88.34
Hartselle,AL,34.44,-86.94
Hartsville,TN,36.43,-86.15
Harvey,IL,41.61,-87.65
Harwich,MA,41.71,-70.06
Hasbrouck Heights,NJ,40.86,-74.08
Hastings,MN,44.71,-92.86
Hastings,NE,40.59,-98.38
Hatfield,PA,40.29,-75.29
Hattiesburg,MS,31.27,-89.33
Havelock,NC,34.91,-76.89
Haverford,PA,40.01,-75.32
Haverhill,MA,42.78,-71.1
Haverstraw,NY,41.19,-73.97
Havre De Grace,MD,39.56,-76.14
Hawaiian Gardens,CA,33.83,-118.07
Hawthorne,CA,33.92,-118.35
Hawthorne,NJ,40.96,-74.15
Hayden,ID,47.8,-116.66
Hays,KS,38.88,-99.35
Haysville,KS,37.54,-97.36
Hayward,CA,37.66,-122.03
Hazel Crest,IL,41.57,-87.68
Hazel Park,MI,42.46,-83.1
Hazelwood,MO,38.78,-90.38
Hazlet,NJ,40.43,-74.18
Hazleton,PA,40.95,-76
Healdsburg,CA,38.62,-122.89
Heath,OH,40.01,-82.34
Heber City,UT,40.54,-111.32
Helena,AL,33.26,-86.91
Helena,MT,46.61,-112.03
Helotes,TX,29.58,-98.75
Hemet,CA,33.7,-116.96
Hempstead,NY,40.71,-73.61
Henderson,KY,37.81,-87.56
Henderson,NC,36.35,-78.4
Henderson,NV,35.99,-115.01
Henderson,TX,32.16,-94.79
Hendersonville,NC,35.32,-82.48
Hendersonville,TN,36.32,-86.61
Henrico,VA,37.55,-77.47
Henrietta,NY,43.04,-77.61
Henry,VA,36.84,-80
Hercules,CA,38.01,-122.26
Hereford,TX,34.91,-102.55
Hermiston,OR,45.85,-119.29
Hermitage,PA,41.23,-80.42
Hermosa Beach,CA,33.86,-118.4
Hernando,FL,28.94,-82.38
Hernando,MS,34.8,-90.02
Herndon,VA,38.93,-77.37
Herriman,UT,40.53,-112.13
Herrin,IL,37.82,-89.03
Hesperia,CA,34.4,-117.33
Hewitt,TX,31.45,-97.2
Hialeah,FL,25.88,-80.3
Hibbing,MN,47.4,-92.95
Hickman,TN,36.13,-85.93
Hickory,NC,35.71,-81.34
Hickory Hills,IL,41.72,-87.83
Hidalgo,TX,26.11,-98.24
High Point,NC,35.99,-80
Highland,CA,34.12,-117.18
Highland,IL,38.76,-89.67
Highland,IN,41.55,-87.46
Highland,MI,42.66,-83.62
Highland Park,IL,42.19,-87.81
Highland Park,NJ,40.5,-74.43
Hilliard,OH,40.02,-83.19
Hillsboro,OR,45.52,-122.96
Hillsborough,NJ,40.5,-74.67
Hillsdale,NJ,41.01,-74.04
Hillside,NJ,40.7,-74.23
Hilltown,PA,40.32,-75.25
Hilton Head Island,SC,32.25,-80.74
Hinesville,GA,31.83,-81.53
Hingham,MA,42.23,-70.88
Hinsdale,IL,41.82,-88.01
Hobart,IN,41.52,-87.24
Hobbs,NM,32.74,-103.25
Hoboken,NJ,40.75,-74.03
Hockley,TX,30.05,-95.83
Hoffman Estates,IL,42.06,-88.18
Holbrook,MA,42.14,-71
Holden,MA,42.34,-71.85
Holland,MI,42.79,-86.11
Hollister,CA,36.88,-121.37
Holliston,MA,42.2,-71.45
Holly,MI,42.79,-83.61
Holly Springs,GA,34.17,-84.5
Holly Springs,NC,35.62,-78.86
Hollywood,FL,26.01,-80.22
Holmdel,NJ,40.37,-74.17
Holmen,WI,44,-91.22
Holyoke,MA,42.21,-72.63
Homer,IL,40.01,-87.97
Homer Glen,IL,41.6,-87.96
Homestead,FL,25.48,-80.46
Homewood,IL,41.56,-87.66
Honolulu,HI,21.31,-157.84
Hooksett,NH,43.08,-71.45
Hopatcong,NJ,40.94,-74.66
Hope Mills,NC,34.91,-78.93
Hopewell,NJ,40.4,-74.78
Hopewell,PA,40.11,-78.29
Hopewell,VA,37.27,-77.23
Hopkins,MN,44.94,-93.43
Hopkinsville,KY,36.88,-87.47
Hopkinton,MA,42.22,-71.54
Horn Lake,MS,34.95,-90.05
Horseheads,NY,42.22,-76.83
Horsham,PA,40.19,-75.15
Hot Springs Village,AR,34.66,-93
Houma,LA,29.58,-90.73
Houston,AL,34.2,-87.28
Houston,TX,29.8,-95.42
Howell,NJ,40.15,-74.2
Hubbard,OH,41.17,-80.57
Hudson,MA,42.39,-71.55
Hudson,NH,42.76,-71.41
Hudson,OH,41.19,-81.49
Hudson,WI,44.98,-92.69
Hugo,MN,45.17,-92.98
Hull,MA,42.3,-70.93
Humble,TX,29.99,-95.25
Hunt,TX,30.04,-99.52
Huntersville,NC,35.41,-80.85
Huntertown,IN,41.25,-85.16
Huntington,IN,40.88,-85.5
Huntington,NY,40.88,-73.42
Huntington,WV,38.41,-82.34
Huntington Beach,CA,33.7,-118
Huntington Park,CA,33.98,-118.22
Huntley,IL,42.17,-88.44
Huntsville,AL,34.72,-86.58
Huntsville,TX,30.72,-95.55
Huron,OH,41.38,-82.56
Huron,SD,44.38,-98.2
Hurricane,UT,37.03,-113.25
Hurst,TX,32.84,-97.18
Hutchinson,KS,38.02,-97.98
Hutchinson,MN,44.9,-94.39
Hutto,TX,30.56,-97.55
Hyattsville,MD,38.96,-76.94
Hyde Park,NY,41.79,-73.89
Hyrum,UT,41.6,-111.67
Idaho Falls,ID,43.48,-112
Imperial,CA,32.88,-115.68
Imperial Beach,CA,32.58,-117.11
Independence,KY,38.93,-84.55
Independence,MO,39.1,-94.39
Independence,OR,44.82,-123.13
Indian Trail,NC,35.11,-80.6
Indiana,PA,40.63,-79.15
Indianapolis,IN,39.8,-86.14
Indianola,IA,41.34,-93.58
Indio,CA,33.74,-116.17
Ingleside,TX,27.85,-97.2
Inglewood,CA,33.92,-118.34
Inkster,MI,42.29,-83.32
Inver Grove Heights,MN,44.83,-93.04
Ionia,MI,42.99,-85.06
Iowa City,IA,41.64,-91.55
Ipswich,MA,42.68,-70.84
Irmo,SC,34.14,-81.2
Ironton,OH,38.56,-82.68
Irvine,CA,33.68,-117.8
Irving,TX,32.85,-96.94
Irvington,NJ,40.72,-74.23
Isle Of Wight,VA,36.9,-76.69
Islip,NY,40.73,-73.21
Issaquah,WA,47.53,-122
Ithaca,NY,42.45,-76.49
Ivins,UT,37.17,-113.7
Jackson,MI,42.23,-84.38
Jackson,MO,37.44,-89.64
Jackson,MS,32.31,-90.18
Jackson,NJ,40.11,-74.36
Jackson,OH,39.02,-82.66
Jackson,TN,35.62,-88.83
Jackson,WY,43.44,-110.69
Jacksonville,AL,33.85,-85.78
Jacksonville,AR,34.89,-92.12
Jacksonville,FL,30.31,-81.65
Jacksonville,IL,39.72,-90.24
Jacksonville,NC,34.75,-77.42
Jacksonville,TX,31.94,-95.26
Jacksonville Beach,FL,30.29,-81.4
Jamestown,MI,42.83,-85.84
Jamestown,ND,46.89,-98.72
Jamestown,NY,42.09,-79.25
Janesville,WI,42.7,-89.03
Jasper,AL,33.87,-87.26
Jasper,IN,38.38,-86.9
Jefferson,AL,32.41,-87.9
Jefferson,AR,34.39,-92.18
Jefferson,CO,39.25,-105.54
Jefferson,GA,34.11,-83.58
Jefferson,OH,41.73,-80.74
Jefferson City,MO,38.57,-92.18
Jefferson City,MT,46.36,-111.97
Jeffersonville,IN,38.33,-85.72
Jenks,OK,36,-95.98
Jerome,ID,42.73,-114.43
Jersey City,NJ,40.73,-74.07
Jesup,GA,31.58,-81.87
Johnson City,NY,41.77,-75.25
Johnson City,TN,36.32,-82.4
Johnston,IA,41.69,-93.72
Johnston,RI,41.83,-71.52
Johnstown,CO,40.33,-104.94
Johnstown,PA,40.34,-78.91
Joliet,IL,41.52,-88.1
Jonesboro,AR,35.82,-90.71
Joplin,MO,37.07,-94.51
Junction City,KS,38.97,-96.8
Juneau,AK,58.32,-134.39
Jupiter,FL,26.94,-80.13
Justice,IL,41.75,-87.83
Kalamazoo,MI,42.28,-85.58
Kalispell,MT,48.23,-114.36
Kankakee,IL,41.11,-87.9
Kannapolis,NC,35.45,-80.6
Kansas City,KS,39.11,-94.7
Kansas City,MO,39.12,-94.57
Katy,TX,29.79,-95.79
Kaukauna,WI,44.31,-88.24
Kaysville,UT,41.03,-111.95
Kearney,MO,39.37,-94.36
Kearney,NE,40.72,-99.09
Kearny,NJ,40.74,-74.1
Kechi,KS,37.79,-97.27
Keene,NH,42.95,-72.28
Keizer,OR,44.99,-123.03
Keller,TX,32.92,-97.25
Kelso,WA,46.17,-122.77
Kendallville,IN,41.45,-85.28
Kenmore,WA,47.76,-122.25
Kennebunk,ME,43.4,-70.57
Kennedale,TX,32.64,-97.21
Kenner,LA,29.99,-90.25
Kennesaw,GA,34.02,-84.62
Kennett,MO,36.22,-90.05
Kennewick,WA,46.14,-119.18
Kenosha,WI,42.58,-87.88
Kent,NY,43.33,-78.14
Kent,OH,41.14,-81.34
Kent,WA,47.38,-122.21
Kenton,KY,38.87,-84.46
Kerman,CA,36.73,-120.12
Kernersville,NC,36.12,-80.07
Kerrville,TX,30.1,-99.25
Kewanee,IL,41.26,-89.94
Key Biscayne,FL,25.71,-80.16
Key West,FL,24.56,-81.82
Kilgore,TX,32.39,-94.88
Killeen,TX,31.09,-97.73
King City,CA,36.21,-121.01
King George,VA,38.28,-77.16
King William,VA,37.67,-77.05
Kingman,AZ,35.28,-113.93
Kings Mountain,NC,35.24,-81.38
Kingsburg,CA,36.48,-119.52
Kingsland,GA,30.8,-81.7
Kingsport,TN,36.53,-82.54
Kingston,MA,41.99,-70.74
Kingston,NY,41.96,-74
Kingston,PA,41.26,-75.91
Kingsville,TX,27.48,-97.86
Kinston,NC,35.26,-77.58
Kirkland,WA,47.69,-122.21
Kirksville,MO,40.17,-92.59
Kissimmee,FL,28.26,-81.44
Kittery,ME,43.11,-70.72
Klamath Falls,OR,42.27,-121.84
Klickitat,WA,45.89,-121.08
Knightdale,NC,35.78,-78.48
Knoxville,TN,35.97,-83.96
Kokomo,IN,40.48,-86.12
Kuna,ID,43.46,-116.33
Kyle,TX,30,-97.83
La Canada Flintridge,CA,34.21,-118.2
La Crosse,WI,43.86,-91.18
La Grande,OR,45.3,-118.11
La Grange,IL,41.78,-87.87
La Grange,KY,38.42,-85.43
La Grange Park,IL,41.83,-87.87
La Habra,CA,33.93,-117.95
La Marque,TX,29.36,-94.98
La Mesa,CA,32.77,-117.01
La Mirada,CA,33.91,-118.01
La Palma,CA,33.85,-118.04
La Plata,MD,38.52,-77
La Porte,IN,41.56,-86.71
La Porte,TX,29.68,-95.04
La Puente,CA,34.03,-117.96
La Quinta,CA,33.66,-116.29
La Vergne,TN,35.94,-86.49
La Verne,CA,34.18,-117.77
La Vista,NE,41.18,-96.07
Lacey,WA,47,-122.74
Laconia,NH,43.59,-71.46
Lady Lake,FL,28.93,-81.91
Lafayette,CA,37.9,-122.11
Lafayette,CO,40.01,-105.1
Lafayette,IN,40.38,-86.86
Lafayette,LA,30.21,-92.04
Lagrange,GA,33.04,-85.04
Laguna Beach,CA,33.56,-117.77
Laguna Hills,CA,33.6,-117.71
Laguna Niguel,CA,33.53,-117.7
Laguna Woods,CA,33.61,-117.73
Lake Charles,LA,30.23,-93.27
Lake City,CA,41.7,-120.12
Lake City,FL,30.17,-82.64
Lake Elmo,MN,44.99,-92.91
Lake Elsinore,CA,33.67,-117.34
Lake Forest,CA,33.65,-117.69
Lake Forest,IL,42.24,-87.86
Lake Grove,NY,40.86,-73.12
Lake Havasu City,AZ,34.48,-114.26
Lake In The Hills,IL,42.2,-88.32
Lake Jackson,TX,29.05,-95.47
Lake Mary,FL,28.76,-81.28
Lake Oswego,OR,45.41,-122.71
Lake Saint Louis,MO,38.77,-90.8
Lake Station,IN,41.58,-87.26
Lake Stevens,WA,48.04,-122.07
Lake Villa,IL,42.42,-88.06
Lake Wales,FL,27.87,-81.53
Lake Zurich,IL,42.2,-88.05
Lakeland,FL,28.05,-81.96
Lakeville,MA,41.84,-70.95
Lakeville,MN,44.64,-93.28
Lakewood,CA,33.84,-118.15
Lakewood,NJ,40.08,-74.2
Lakewood,OH,41.48,-81.8
Lakewood,WA,47.16,-122.52
Lamar,MS,34.93,-89.33
Lancaster,CA,34.71,-118.13
Lancaster,NY,42.91,-78.63
Lancaster,OH,39.7,-82.61
Lancaster,PA,40.04,-76.3
Lancaster,TX,32.6,-96.76
Lancaster,VA,37.75,-76.52
Lansdale,PA,40.23,-75.3
Lansdowne,PA,39.94,-75.26
Lansing,IL,41.57,-87.55
Lansing,KS,39.25,-94.88
Lansing,MI,42.72,-84.57
Lansing,NY,42.58,-76.55
Laramie,WY,41.32,-105.62
Laredo,TX,27.59,-99.41
Largo,FL,27.89,-82.79
Larkspur,CA,37.94,-122.53
Las Cruces,NM,32.36,-106.8
Las Vegas,NM,35.54,-104.93
Las Vegas,NV,36.15,-115.19
Lathrop,CA,37.81,-121.31
Lauderdale,MS,32.53,-88.49
Laurel,MD,39.1,-76.85
Laurel,MS,31.71,-89.09
Laurinburg,NC,34.78,-79.46
Lawndale,CA,33.89,-118.35
Lawrence,KS,38.95,-95.27
Lawrence,MA,42.71,-71.16
Lawrence,MS,32.3,-89.26
Lawrence Township,NJ,40.28,-74.72
Lawrenceburg,IN,39.17,-84.87
Lawrenceburg,KY,38,-84.98
Lawrenceburg,TN,35.29,-87.43
Lawrenceville,GA,33.95,-84.01
Lawton,OK,34.63,-98.45
Layton,UT,41.08,-111.96
Le Mars,IA,42.8,-96.19
League City,TX,29.51,-95.07
Leander,TX,30.53,-97.91
Leavenworth,KS,39.28,-95
Leawood,KS,38.93,-94.63
Lebanon,IN,40.04,-86.46
Lebanon,MO,37.69,-92.64
Lebanon,NH,43.64,-72.24
Lebanon,OH,39.44,-84.22
Lebanon,OR,44.53,-122.82
Lebanon,PA,40.34,-76.43
Lebanon,TN,36.2,-86.29
Ledyard,CT,41.44,-71.99
Leeds,AL,33.53,-86.55
Lees Summit,MO,38.92,-94.37
Leesburg,FL,28.82,-81.86
Leesburg,VA,39.12,-77.56
Lehi,UT,40.41,-111.9
Lehman,PA,41.32,-76.02
Leicester,MA,42.25,-71.91
Leland,NC,34.23,-78.09
Lemon Grove,CA,32.74,-117.03
Lemont,IL,41.68,-87.98
Lemoore,CA,36.22,-119.86
Lenexa,KS,38.96,-94.78
Lenoir,NC,35.94,-81.54
Lenoir City,TN,35.82,-84.27
Leominster,MA,42.52,-71.76
Letcher,KY,37.15,-82.96
Levelland,TX,33.6,-102.38
Lewisburg,TN,35.49,-86.77
Lewiston,ID,46.21,-116.91
Lewiston,ME,44.16,-70.22
Lewiston,NY,43.17,-78.99
Lewisville,NC,36.09,-80.46
Lewisville,TX,33.05,-97
Lexington,KY,38.03,-84.48
Lexington,MA,42.45,-71.23
Lexington,NC,35.83,-80.26
Lexington,NE,40.83,-99.74
Lexington,SC,33.96,-81.25
Liberal,KS,37.06,-100.92
Liberty,IN,39.62,-84.93
Liberty,MO,39.25,-94.4
Liberty,NY,41.8,-74.74
Liberty Hill,TX,30.69,-97.94
Liberty Lake,WA,47.64,-117.07
Libertyville,IL,42.3,-87.95
Lilburn,GA,33.92,-84.07
Lima,OH,40.75,-84.11
Lincoln,CA,38.92,-121.31
Lincoln,IL,40.14,-89.37
Lincoln,MI,44.74,-83.44
Lincoln,MT,47.19,-112.75
Lincoln,NE,40.82,-96.69
Lincoln,NM,33.47,-105.4
Lincoln,RI,41.92,-71.45
Lincoln,WA,47.82,-118.4
Lincoln City,IN,38.11,-87
Lincoln City,OR,44.91,-123.97
Lincoln Park,MI,42.24,-83.18
Lincoln Park,NJ,40.93,-74.31
Lincolnton,NC,35.49,-81.24
Lincolnwood,IL,42.01,-87.73
Linden,NJ,40.62,-74.24
Lindenhurst,NY,40.69,-73.37
Lindon,UT,40.34,-111.72
Lindsay,CA,36.21,-119.07
Lisle,IL,41.79,-88.08
Little Chute,WI,44.29,-88.31
Little Elm,TX,33.17,-96.95
Little Falls,NJ,40.88,-74.21
Little Ferry,NJ,40.84,-74.03
Little Rock,AR,34.76,-92.34
Littleton,CO,39.56,-105.03
Littleton,MA,42.54,-71.49
Livermore,CA,37.64,-121.66
Livingston,CA,37.35,-120.74
Livingston,NJ,40.79,-74.33
Livonia,MI,42.39,-83.36
Lockhart,TX,29.87,-97.68
Lockport,IL,41.59,-88.05
Lockport,NY,43.17,-78.69
Locust Grove,GA,33.35,-84.11
Lodi,CA,38.13,-121.26
Lodi,NJ,40.88,-74.08
Logan,UT,41.72,-111.84
Logansport,IN,40.76,-86.38
Loganville,GA,33.82,-83.89
Loma Linda,CA,34.05,-117.26
Lombard,IL,41.87,-88.02
Lomita,CA,33.79,-118.32
Lompoc,CA,34.66,-120.46
London,OH,39.88,-83.43
Londonderry,NH,42.87,-71.39
Lone Tree,CO,39.53,-104.89
Long Beach,CA,33.79,-118.19
Long Beach,MS,30.38,-89.17
Long Beach,NY,40.59,-73.65
Long Branch,NJ,40.3,-73.99
Long Lake,MI,44.44,-83.86
Longmeadow,MA,42.11,-72.58
Longmont,CO,40.17,-105.11
Longview,TX,32.5,-94.76
Longview,WA,46.21,-123.06
Longwood,FL,28.73,-81.3
Lorain,OH,41.44,-82.18
Los Alamitos,CA,33.8,-118.06
Los Alamos,NM,35.85,-106.29
Los Altos,CA,37.37,-122.11
Los Angeles,CA,34.04,-118.28
Los Banos,CA,37.07,-120.84
Los Gatos,CA,37.19,-121.96
Los Lunas,NM,34.7,-107.01
Louisville,CO,39.95,-105.16
Louisville,KY,38.21,-85.7
Lovejoy,GA,33.44,-84.31
Loveland,CO,40.41,-105.1
Loveland,OH,39.26,-84.24
Loves Park,IL,42.33,-89.13
Lovington,NM,32.99,-103.38
Lowell,AR,36.25,-94.1
Lowell,IN,41.26,-87.42
Lowell,MA,42.64,-71.32
Lubbock,TX,33.58,-101.88
Ludlow,MA,42.18,-72.46
Lufkin,TX,31.32,-94.71
Lumberton,NC,34.63,-79
Lumberton,NJ,39.96,-74.8
Lumberton,TX,30.23,-94.2
Luna,NM,33.83,-108.98
Lunenburg,MA,42.58,-71.72
Lunenburg,VA,36.93,-78.3
Lynbrook,NY,40.66,-73.67
Lynchburg,VA,37.38,-79.16
Lynden,WA,48.95,-122.46
Lyndhurst,NJ,40.8,-74.11
Lynn,MA,42.47,-70.96
Lynn Haven,FL,30.24,-85.65
Lynnfield,MA,42.53,-71.04
Lynnwood,WA,47.83,-122.29
Lynwood,CA,33.92,-118.2
Lyons,IL,41.81,-87.82
Mableton,GA,33.82,-84.55
Macedonia,OH,41.31,-81.5
Machesney Park,IL,42.36,-89.02
Macomb,IL,40.44,-90.64
Macomb,MI,42.67,-82.92
Macon,GA,32.82,-83.66
Macon,TN,35.15,-89.48
Madera,CA,36.98,-120.04
Madison,AL,34.71,-86.77
Madison,CT,41.34,-72.62
Madison,IN,38.82,-85.35
Madison,MS,32.48,-90.13
Madison,NJ,40.76,-74.42
Madison,OH,41.76,-81.06
Madison,TN,36.22,-86.74
Madison,WI,43.07,-89.37
Madison Heights,MI,42.51,-83.1
Madisonville,KY,37.33,-87.48
Magnolia,AR,33.24,-93.21
Mahomet,IL,40.22,-88.42
Mahwah,NJ,41.09,-74.17
Maitland,FL,28.63,-81.37
Malden,MA,42.43,-71.06
Malibu,CA,34.04,-118.79
Malone,NY,44.75,-74.26
Malvern,AR,34.34,-92.82
Mamaroneck,NY,40.95,-73.74
Manassas,VA,38.74,-77.47
Manchester,CT,41.78,-72.52
Manchester,NH,42.99,-71.45
Manchester,PA,40.08,-76.75
Manchester,TN,35.5,-86.07
Manchester Township,NJ,39.98,-74.34
Mandan,ND,46.74,-100.94
Mandeville,LA,30.4,-89.99
Manhattan,IL,41.39,-87.96
Manhattan,KS,39.23,-96.62
Manhattan Beach,CA,33.84,-118.35
Manheim,PA,40.18,-76.43
Manitowoc,WI,44.12,-87.66
Mankato,MN,44.17,-94.03
Manlius,NY,42.96,-75.95
Manor,PA,40.34,-79.66
Manor,TX,30.34,-97.52
Mansfield,MA,42.02,-71.22
Mansfield,OH,40.75,-82.53
Mansfield,TX,32.57,-97.14
Manteca,CA,37.78,-121.22
Manteno,IL,41.25,-87.88
Mantua,NJ,39.78,-75.18
Manvel,TX,29.49,-95.36
Manville,NJ,40.54,-74.59
Maple Grove,MN,45.11,-93.5
Maple Heights,OH,41.41,-81.56
Maple Shade,NJ,39.95,-74.99
Maple Valley,WA,47.42,-121.96
Mapleton,UT,40.12,-111.57
Maplewood,NJ,40.73,-74.27
Marana,AZ,32.47,-111.26
Marathon,FL,24.74,-81.01
Marblehead,MA,42.5,-70.86
Marco Island,FL,25.92,-81.7
Margate,FL,26.24,-80.21
Maricopa,AZ,32.99,-112.07
Marietta,GA,33.94,-84.53
Marietta,OH,39.43,-81.42
Marina,CA,36.69,-121.79
Marinette,WI,45.08,-87.7
Marion,AR,35.22,-90.19
Marion,IA,42.07,-91.56
Marion,IL,37.72,-88.91
Marion,IN,40.56,-85.64
Marion,MI,44.1,-85.12
Marion,OH,40.61,-83.1
Mariposa,CA,37.51,-119.98
Markham,IL,41.6,-87.69
Marlboro,NJ,40.32,-74.25
Marlborough,MA,42.35,-71.55
Marquette,MI,46.58,-87.46
Marshall,MN,44.45,-95.76
Marshall,MO,39.09,-93.18
Marshall,TX,32.53,-94.36
Marshalltown,IA,42.05,-92.9
Marshfield,MA,42.12,-70.71
Marshfield,WI,44.66,-90.18
Martin,TN,36.35,-88.84
Martinez,CA,37.99,-122.14
Martinsburg,WV,39.46,-77.96
Martinsville,IN,39.46,-86.43
Martinsville,VA,36.69,-79.87
Maryland Heights,MO,38.73,-90.46
Marysville,CA,39.22,-121.49
Marysville,OH,40.25,-83.36
Marysville,WA,48.08,-122.19
Maryville,MO,40.34,-94.88
Maryville,TN,35.72,-83.98
Mashpee,MA,41.62,-70.49
Mason,KY,38.59,-84.58
Mason,OH,39.35,-84.31
Mason City,IA,43.15,-93.2
Massapequa Park,NY,40.68,-73.45
Massena,NY,44.93,-74.88
Massillon,OH,40.81,-81.48
Matagorda,TX,28.73,-95.88
Matteson,IL,41.5,-87.75
Matthews,NC,35.15,-80.73
Mattoon,IL,39.48,-88.37
Mauldin,SC,34.78,-82.3
Maumee,OH,41.57,-83.69
Maumelle,AR,34.86,-92.4
Maynard,MA,42.43,-71.46
Maywood,CA,33.99,-118.19
Maywood,IL,41.88,-87.84
Maywood,NJ,40.9,-74.06
Mcalester,OK,34.96,-95.78
Mcallen,TX,26.22,-98.23
Mccomb,MS,31.22,-90.41
Mccordsville,IN,39.89,-85.9
Mcdonough,GA,33.46,-84.12
Mchenry,IL,42.34,-88.26
Mckeesport,PA,40.33,-79.84
Mckinney,TX,33.2,-96.63
Mcminnville,OR,45.21,-123.28
Mcminnville,TN,35.67,-85.75
Mcpherson,KS,38.38,-97.7
Meadville,PA,41.65,-80.16
Mebane,NC,36.14,-79.27
Mechanicsburg,PA,40.22,-77.02
Medfield,MA,42.18,-71.31
Medford,MA,42.42,-71.11
Medford,NJ,39.86,-74.82
Medford,OR,42.31,-122.85
Medina,OH,41.14,-81.85
Medina,TX,29.83,-99.33
Medway,MA,42.16,-71.43
Melbourne,FL,28.09,-80.64
Melissa,TX,33.29,-96.57
Melrose,MA,42.46,-71.06
Melrose Park,IL,41.91,-87.87
Melvindale,MI,42.28,-83.18
Memphis,TN,35.16,-89.97
Menard,IL,37.91,-89.84
Menasha,WI,44.2,-88.33
Mendocino,CA,39.31,-123.75
Mendota,CA,36.67,-120.45
Menifee,CA,33.65,-117.17
Menlo Park,CA,37.42,-122.25
Menomonee Falls,WI,43.17,-88.12
Menomonie,WI,44.85,-91.93
Mentor,OH,41.68,-81.34
Mequon,WI,43.23,-87.98
Merced,CA,37.32,-120.48
Mercedes,TX,26.17,-97.91
Mercer Island,WA,47.56,-122.23
Meriden,CT,41.54,-72.8
Meridian,ID,43.61,-116.41
Meridian,MS,32.4,-88.67
Merrillville,IN,41.47,-87.35
Merrimack,NH,42.85,-71.52
Mesa,AZ,33.42,-111.76
Mesa,CO,39.07,-108.15
Mesquite,NV,36.81,-114.09
Mesquite,TX,32.76,-96.63
Methuen,MA,42.74,-71.18
Metuchen,NJ,40.54,-74.36
Mexico,MO,39.2,-91.89
Miami,FL,25.77,-80.26
Miami,OK,36.86,-94.88
Miami Beach,FL,25.81,-80.14
Miami Gardens,FL,25.95,-80.24
Miamisburg,OH,39.69,-84.27
Michigan City,IN,41.7,-86.9
Middlesex,NJ,40.57,-74.5
Middleton,ID,43.75,-116.58
Middleton,WI,43.12,-89.54
Middletown,CT,41.56,-72.66
Middletown,DE,39.49,-75.68
Middletown,NJ,40.4,-74.12
Middletown,NY,41.47,-74.41
Middletown,OH,39.52,-84.41
Middletown,PA,40.19,-76.72
Middletown,RI,41.52,-71.28
Midland,MI,43.62,-84.29
Midland,TX,31.94,-102.07
Midlothian,IL,41.63,-87.74
Midlothian,TX,32.47,-96.99
Midvale,UT,40.62,-111.89
Milam,TX,31.51,-93.86
Milford,CT,41.23,-73.06
Milford,DE,38.94,-75.36
Milford,MA,42.16,-71.52
Milford,MI,42.57,-83.63
Milford,NH,42.82,-71.67
Milford,PA,41.33,-74.87
Mill Creek,WA,47.86,-122.2
Mill Valley,CA,37.91,-122.55
Millbrae,CA,37.6,-122.4
Millbrook,AL,32.48,-86.37
Millburn,NJ,40.72,-74.3
Millbury,MA,42.19,-71.78
Milledgeville,GA,33.07,-83.24
Millington,TN,35.31,-89.92
Millstone Township,NJ,40.22,-74.43
Millville,NJ,39.38,-75.02
Milpitas,CA,37.43,-121.89
Milton,FL,30.68,-87.05
Milton,IL,39.56,-90.65
Milton,MA,42.26,-71.07
Milton,NY,41.66,-73.99
Milton,VT,44.66,-73.14
Milwaukee,WI,43.05,-87.95
Minden,LA,32.65,-93.29
Mineola,NY,40.75,-73.64
Mineral Wells,TX,32.81,-98.12
Minneapolis,MN,44.98,-93.29
Minneola,FL,28.57,-81.75
Minnetonka,MN,44.92,-93.48
Minooka,IL,41.49,-88.32
Minot,ND,48.24,-101.31
Mishawaka,IN,41.66,-86.15
Mission,KS,39.03,-94.65
Mission,TX,26.28,-98.35
Mission Viejo,CA,33.61,-117.65
Missoula,MT,46.88,-114.02
Missouri City,TX,29.57,-95.52
Mitchell,SD,43.71,-98.05
Moberly,MO,39.41,-92.39
Mobile,AL,30.68,-88.12
Modesto,CA,37.66,-121
Mokena,IL,41.54,-87.89
Molalla,OR,45.1,-122.56
Moline,IL,41.5,-90.5
Moncks Corner,SC,33.16,-80.01
Monclova,OH,41.57,-83.77
Monee,IL,41.42,-87.78
Monett,MO,36.9,-93.91
Monmouth,OR,44.77,-123.34
Monroe,CT,41.34,-73.22
Monroe,GA,33.82,-83.71
Monroe,LA,32.5,-92.11
Monroe,MI,41.94,-83.45
Monroe,NC,34.99,-80.54
Monroe,NY,41.33,-74.19
Monroe,OH,39.45,-84.36
Monroe,TN,36.49,-85.22
Monroe,WA,47.85,-121.9
Monroe,WI,42.61,-89.65
Monroe Township,NJ,40.32,-74.43
Monroeville,PA,40.43,-79.76
Monrovia,CA,34.15,-118
Mont Belvieu,TX,29.87,-94.87
Montague,TX,33.63,-97.69
Montclair,CA,34.07,-117.7
Montclair,NJ,40.83,-74.21
Montebello,CA,34.02,-118.11
Monterey,CA,36.6,-121.88
Monterey Park,CA,34.05,-118.12
Montgomery,AL,32.3,-86.25
Montgomery,IL,41.73,-88.34
Montgomery,NY,41.53,-74.26
Montgomery,PA,41.18,-76.93
Montgomery Village,MD,39.19,-77.21
Monticello,MN,45.29,-93.84
Montrose,CO,38.45,-107.87
Montville,CT,41.46,-72.16
Montville,NJ,40.91,-74.36
Montville,OH,41.6,-81.03
Monument,CO,39.1,-104.85
Moody,AL,33.6,-86.49
Moore,TX,29.04,-99
Moorestown,NJ,39.98,-74.94
Mooresville,IN,39.58,-86.37
Mooresville,NC,35.58,-80.84
Moorhead,MN,46.86,-96.76
Moorpark,CA,34.3,-118.88
Moraga,CA,37.82,-122.06
Moreno Valley,CA,33.93,-117.22
Morgan City,LA,29.72,-91.19
Morgan Hill,CA,37.16,-121.63
Morganton,NC,35.75,-81.72
Morgantown,WV,39.63,-79.96
Morris,IL,41.37,-88.43
Morristown,NJ,40.82,-74.52
Morristown,TN,36.21,-83.29
Morrisville,NC,35.86,-78.83
Morro Bay,CA,35.39,-120.82
Morton,IL,40.61,-89.44
Morton Grove,IL,42.04,-87.79
Moscow,ID,46.72,-116.97
Moses Lake,WA,47.15,-119.31
Moss Point,MS,30.49,-88.5
Moultrie,GA,31.16,-83.77
Mount Airy,NC,36.49,-80.63
Mount Clemens,MI,42.6,-82.88
Mount Dora,FL,28.79,-81.65
Mount Holly,NC,35.33,-81.03
Mount Holly,NJ,40.01,-74.79
Mount Joy,PA,40.11,-76.51
Mount Juliet,TN,36.19,-86.5
Mount Kisco,NY,41.2,-73.72
Mount Laurel,NJ,39.95,-74.9
Mount Morris,MI,43.13,-83.68
Mount Pleasant,MI,43.61,-84.83
Mount Pleasant,SC,32.83,-79.84
Mount Pleasant,TX,33.19,-94.97
Mount Prospect,IL,42.07,-87.93
Mount Vernon,IL,38.33,-88.9
Mount Vernon,NY,40.91,-73.83
Mount Vernon,OH,40.37,-82.49
Mount Vernon,WA,48.38,-122.26
Mount Washington,KY,38.04,-85.56
Mountain Home,AR,36.34,-92.39
Mountain Home,ID,43.4,-115.52
Mountain View,CA,37.39,-122.08
Mountlake Terrace,WA,47.79,-122.31
Mukilteo,WA,47.92,-122.3
Muncie,IN,40.2,-85.41
Mundelein,IL,42.27,-88.04
Munster,IN,41.55,-87.5
Murfreesboro,TN,35.85,-86.39
Murray,KY,36.62,-88.28
Murrieta,CA,33.56,-117.23
Murrysville,PA,40.46,-79.67
Muscatine,IA,41.44,-91.06
Muscle Shoals,AL,34.76,-87.61
Muskego,WI,42.87,-88.13
Muskegon,MI,43.23,-86.23
Muskogee,OK,35.72,-95.36
Mustang,OK,35.37,-97.75
Myrtle Beach,SC,33.7,-78.94
Nacogdoches,TX,31.63,-94.64
Nampa,ID,43.6,-116.63
Nanticoke,PA,41.19,-76.02
Nantucket,MA,41.28,-70.05
Napa,CA,38.32,-122.28
Naperville,IL,41.77,-88.15
Naples,FL,26.17,-81.73
Narragansett,RI,41.42,-71.47
Nashua,NH,42.76,-71.48
Nashville,TN,36.17,-86.79
Natchez,MS,31.51,-91.39
Natchitoches,LA,31.75,-93.09
Natick,MA,42.28,-71.35
National City,CA,32.67,-117.09
Natrona,WY,43,-106.82
Naugatuck,CT,41.49,-73.05
Nederland,TX,29.99,-94.01
Needham,MA,42.28,-71.24
Neenah,WI,44.19,-88.49
Nelson,VA,36.58,-78.67
Neosho,MO,36.86,-94.4
Neptune,NJ,40.21,-74.06
New Albany,IN,38.28,-85.83
New Albany,OH,40.08,-82.8
New Baltimore,MI,42.68,-82.79
New Bedford,MA,41.65,-70.93
New Berlin,WI,42.97,-88.13
New Bern,NC,35.11,-77.06
New Braunfels,TX,29.72,-98.12
New Britain,CT,41.67,-72.79
New Brunswick,NJ,40.48,-74.44
New Canaan,CT,41.16,-73.5
New Castle,IN,39.93,-85.37
New Castle,PA,41,-80.33
New Fairfield,CT,41.48,-73.49
New Hartford,NY,43.06,-75.28
New Haven,CT,41.32,-72.93
New Haven,IN,41.09,-84.97
New Hyde Park,NY,40.75,-73.69
New Iberia,LA,29.98,-91.8
New Kensington,PA,40.57,-79.74
New Kent,VA,37.55,-77.04
New Lenox,IL,41.51,-87.96
New London,CT,41.35,-72.1
New Milford,CT,41.6,-73.42
New Milford,NJ,40.93,-74.02
New Orleans,LA,29.95,-90.07
New Paltz,NY,41.76,-74.1
New Philadelphia,OH,40.46,-81.45
New Port Richey,FL,28.25,-82.68
New Providence,NJ,40.7,-74.4
New Richmond,WI,45.12,-92.52
New Rochelle,NY,40.92,-73.78
New Smyrna Beach,FL,28.98,-80.94
New Ulm,MN,44.3,-94.46
New Windsor,NY,41.46,-74.07
New York,NY,40.76,-73.98
Newark,CA,37.5,-122.03
Newark,DE,39.62,-75.67
Newark,NJ,40.75,-74.2
Newark,OH,40.09,-82.42
Newberg,OR,45.32,-122.99
Newberry,SC,34.31,-81.63
Newburgh,NY,41.51,-74.02
Newburyport,MA,42.81,-70.89
Newcastle,OK,35.25,-97.61
Newington,CT,41.74,-72.72
Newman,CA,37.33,-121.19
Newnan,GA,33.38,-84.78
Newport,KY,39.02,-84.44
Newport,OR,44.67,-124.01
Newport,RI,41.5,-71.32
Newport Beach,CA,33.62,-117.9
Newport News,VA,37.11,-76.5
Newton,IA,41.71,-93.03
Newton,KS,38.08,-97.29
Newton,MA,42.35,-71.19
Newton,NC,35.64,-81.24
Newtown,CT,41.4,-73.32
Newtown,PA,40.26,-74.94
Niagara Falls,NY,43.1,-79.02
Niceville,FL,30.59,-86.52
Nicholasville,KY,37.87,-84.57
Niles,IL,42.03,-87.81
Niles,MI,41.83,-86.23
Niles,OH,41.19,-80.75
Nixa,MO,37.04,-93.32
Noblesville,IN,40.06,-86.01
Nogales,AZ,31.48,-110.91
Nolan,TX,32.29,-100.21
Nolensville,TN,35.92,-86.68
Norco,CA,33.93,-117.55
Norcross,GA,33.95,-84.1
Norfolk,MA,42.11,-71.34
Norfolk,NE,42.03,-97.43
Norfolk,VA,36.89,-76.26
Normal,IL,40.52,-88.98
Norman,OK,35.22,-97.41
Norristown,PA,40.16,-75.36
North Adams,MA,42.7,-73.08
North Andover,MA,42.67,-71.09
North Arlington,NJ,40.79,-74.13
North Augusta,SC,33.55,-81.96
North Aurora,IL,41.81,-88.35
North Bend,OR,43.48,-124.18
North Bergen,NJ,40.79,-74.03
North Branch,MN,45.51,-92.95
North Branford,CT,41.33,-72.78
North Brunswick,NJ,40.44,-74.48
North Canton,OH,40.9,-81.43
North Charleston,SC,32.88,-80.02
North Chicago,IL,42.38,-87.82
North Haven,CT,41.38,-72.86
North Kingstown,RI,41.59,-71.46
North Las Vegas,NV,36.26,-115.15
North Liberty,IA,41.77,-91.63
North Little Rock,AR,34.79,-92.29
North Miami Beach,FL,25.93,-80.13
North Myrtle Beach,SC,33.82,-78.67
North Olmsted,OH,41.42,-81.92
North Palm Beach,FL,26.84,-80.05
North Platte,NE,41.1,-100.77
North Port,FL,27.07,-82.19
North Providence,RI,41.85,-71.47
North Reading,MA,42.58,-71.09
North Richland Hills,TX,32.87,-97.22
North Ridgeville,OH,41.39,-82.02
North Royalton,OH,41.31,-81.75
North Salt Lake,UT,40.84,-111.92
North Smithfield,RI,41.98,-71.54
North Tonawanda,NY,43.08,-78.84
Northampton,MA,42.34,-72.64
Northampton,PA,40.72,-75.47
Northborough,MA,42.32,-71.65
Northbridge,MA,42.14,-71.64
Northbrook,IL,42.13,-87.84
Northfield,MN,44.47,-93.18
Northport,AL,33.31,-87.59
Northville,MI,42.42,-83.53
Norton,MA,41.97,-71.18
Norwalk,CA,33.9,-118.08
Norwalk,CT,41.17,-73.4
Norwalk,IA,41.46,-93.71
Norwalk,OH,41.22,-82.58
Norwell,MA,42.16,-70.82
Norwich,CT,41.55,-72.09
Norwich,OH,40.06,-81.78
Norwood,MA,42.19,-71.2
Nottoway,VA,37.12,-78.06
Novato,CA,38.11,-122.56
Novi,MI,42.48,-83.48
Nutley,NJ,40.82,-74.16
Oak Creek,WI,42.88,-87.9
Oak Forest,IL,41.61,-87.75
Oak Harbor,WA,48.33,-122.65
Oak Lawn,IL,41.76,-87.72
Oak Park,IL,41.89,-87.79
Oak Park,MI,42.46,-83.18
Oak Ridge,TN,36.04,-84.24
Oakdale,CA,37.79,-120.76
Oakland,CA,37.79,-122.24
Oakland,MI,42.77,-83.16
Oakland,NJ,41.03,-74.24
Oakland,TN,35.21,-89.51
Oakley,CA,37.99,-121.69
Ocala,FL,29.17,-82.15
Ocean City,NJ,39.26,-74.61
Ocean Springs,MS,30.41,-88.8
Oceanside,CA,33.23,-117.34
Ocoee,FL,28.58,-81.53
Oconomowoc,WI,43.11,-88.49
Odessa,TX,31.84,-102.39
Ogden,UT,41.24,-111.98
Oklahoma City,OK,35.5,-97.49
Okmulgee,OK,35.64,-96
Olathe,KS,38.88,-94.83
Old Bridge,NJ,40.39,-74.33
Old Saybrook,CT,41.3,-72.38
Oldsmar,FL,28.04,-82.67
Olean,NY,42.07,-78.41
Olive Branch,MS,34.93,-89.82
Olympia,WA,47.04,-122.9
Omaha,NE,41.26,-96.01
Onalaska,WI,43.91,-91.23
Oneida,NY,43.06,-75.66
Oneonta,NY,42.48,-75.04
Ontario,CA,34.06,-117.63
Ontario,NY,43.23,-77.31
Ontario,OR,44.11,-117.08
Opa Locka,FL,25.93,-80.28
Opelika,AL,32.61,-85.37
Opelousas,LA,30.53,-92.09
Orange,CA,33.8,-117.82
Orange,CT,41.28,-73.02
Orange,TX,30.12,-93.8
Orange City,FL,28.95,-81.3
Orangeburg,SC,33.51,-80.85
Orchard Park,NY,42.75,-78.74
Oregon,OH,41.66,-83.41
Oregon,WI,42.93,-89.39
Oregon City,OR,45.32,-122.54
Orem,UT,40.27,-111.66
Orinda,CA,37.88,-122.18
Orland Park,IL,41.62,-87.86
Orlando,FL,28.52,-81.31
Ormond Beach,FL,29.3,-81.09
Orono,ME,44.89,-68.7
Oroville,CA,39.53,-121.49
Oshkosh,WI,44.03,-88.6
Oshtemo,MI,42.26,-85.68
Oskaloosa,IA,41.27,-92.66
Ossining,NY,41.19,-73.83
Oswego,IL,41.67,-88.32
Oswego,NY,43.44,-76.46
Ottawa,IL,41.37,-88.87
Ottawa,KS,38.62,-95.28
Ottumwa,IA,41.04,-92.43
Overland Park,KS,38.91,-94.73
Oviedo,FL,28.69,-81.15
Owasso,OK,36.28,-95.82
Owatonna,MN,44.06,-93.22
Owego,NY,42.12,-76.25
Owensboro,KY,37.75,-87.13
Owosso,MI,43,-84.19
Oxford,AL,33.58,-85.83
Oxford,CT,41.44,-73.15
Oxford,MA,42.12,-71.86
Oxford,MI,42.84,-83.24
Oxford,MS,34.33,-89.47
Oxford,OH,39.49,-84.74
Oxnard,CA,34.15,-119.16
Oyster Bay,NY,40.87,-73.53
Ozark,AL,31.47,-85.63
Ozark,MO,36.98,-93.21
Pacific Grove,CA,36.62,-121.93
Pacifica,CA,37.61,-122.48
Paducah,KY,37.04,-88.67
Painesville,OH,41.7,-81.21
Palatine,IL,42.11,-88.03
Palatka,FL,29.67,-81.67
Palestine,TX,31.79,-95.62
Palisades Park,NJ,40.85,-74
Palm Bay,FL,28.01,-80.64
Palm Beach Gardens,FL,26.86,-80.13
Palm Coast,FL,29.52,-81.24
Palm Desert,CA,33.72,-116.38
Palm Springs,CA,33.78,-116.53
Palmdale,CA,34.56,-118.07
Palmer,MA,42.19,-72.31
Palmetto,FL,27.55,-82.56
Palo Alto,CA,37.43,-122.14
Palo Pinto,TX,32.76,-98.28
Palos Heights,IL,41.66,-87.79
Palos Hills,IL,41.7,-87.83
Pampa,TX,35.53,-100.93
Panama City,FL,30.2,-85.65
Panama City Beach,FL,30.26,-85.85
Panola,TX,32.36,-94.09
Papillion,NE,41.11,-96.02
Paradise Valley,AZ,33.54,-111.96
Paragould,AR,36.07,-90.51
Paramount,CA,33.9,-118.17
Paramus,NJ,40.95,-74.07
Paris,KY,38.21,-84.24
Paris,OH,40.79,-81.15
Paris,TN,36.31,-88.33
Paris,TX,33.65,-95.55
Park City,MT,45.66,-108.93
Park Forest,IL,41.48,-87.68
Park Ridge,IL,42.01,-87.84
Parker,CO,39.51,-104.72
Parkersburg,WV,39.24,-81.52
Parlier,CA,36.62,-119.52
Pasadena,CA,34.15,-118.14
Pasadena,TX,29.66,-95.16
Pascagoula,MS,30.38,-88.56
Pasco,WA,46.31,-119.02
Paso Robles,CA,35.71,-120.72
Passaic,NJ,40.86,-74.13
Pataskala,OH,40.01,-82.68
Patchogue,NY,40.76,-72.99
Paterson,NJ,40.94,-74.19
Patoka,IN,38.42,-87.6
Patterson,CA,37.45,-121.23
Patterson,NY,41.5,-73.59
Patton,PA,40.65,-78.62
Pawtucket,RI,41.87,-71.37
Payson,AZ,34.22,-111.29
Payson,UT,39.96,-111.72
Pea Ridge,AR,36.46,-94.12
Peabody,MA,42.59,-70.92
Peachtree City,GA,33.4,-84.59
Peachtree Corners,GA,33.97,-84.23
Pearl,MS,32.27,-90.11
Pearland,TX,29.54,-95.29
Pecos,TX,31.42,-103.63
Peekskill,NY,41.29,-73.92
Pekin,IL,40.56,-89.64
Pelham,AL,33.32,-86.74
Pelham,NH,42.73,-71.34
Pelham,NY,40.9,-73.81
Pell City,AL,33.59,-86.31
Pella,IA,41.42,-92.9
Pemberton,NJ,39.96,-74.67
Pembroke,MA,42.07,-70.81
Pembroke Pines,FL,26.01,-80.28
Pendleton,KY,38.5,-85.33
Pendleton,OR,45.67,-118.82
Penfield,NY,43.15,-77.44
Penn,PA,40.34,-79.64
Pennington,MN,47.47,-94.45
Pennsauken,NJ,39.97,-75.06
Pennsville,NJ,39.62,-75.52
Pensacola,FL,30.43,-87.26
Peoria,AZ,33.63,-112.24
Peoria,IL,40.72,-89.64
Pepperell,MA,42.67,-71.6
Pequannock,NJ,40.95,-74.29
Perris,CA,33.8,-117.25
Perry,GA,32.44,-83.75
Perry,OH,41.76,-81.14
Perrysburg,OH,41.54,-83.6
Perth Amboy,NJ,40.48,-74.34
Peru,IL,41.33,-89.14
Peru,IN,40.76,-86.06
Petal,MS,31.34,-89.19
Petaluma,CA,38.24,-122.65
Petersburg,VA,37.18,-77.43
Pewaukee,WI,43.08,-88.27
Pflugerville,TX,30.44,-97.6
Pharr,TX,26.15,-98.19
Phenix City,AL,32.47,-85.05
Philadelphia,PA,39.99,-75.14
Phillipsburg,NJ,40.71,-75.15
Phoenix,AZ,33.49,-112.08
Phoenixville,PA,40.13,-75.53
Picayune,MS,30.52,-89.59
Pickerington,OH,39.9,-82.74
Pico Rivera,CA,33.98,-118.1
Piedmont,CA,37.82,-122.23
Pierre,SD,44.53,-100.31
Pike Road,AL,32.3,-86.08
Pine Bluff,AR,34.18,-92
Pinehurst,NC,35.21,-79.45
Pinellas Park,FL,27.86,-82.71
Pineville,LA,31.34,-92.4
Pineville,NC,35.09,-80.89
Pinole,CA,37.99,-122.28
Piqua,OH,40.16,-84.23
Piscataway,NJ,40.49,-74.44
Pittsburg,CA,38.01,-121.91
Pittsburg,KS,37.39,-94.71
Pittsburgh,PA,40.44,-80
Pittsfield,MA,42.41,-73.24
Pittsford,NY,43.06,-77.52
Placentia,CA,33.88,-117.85
Placerville,CA,38.73,-120.79
Plain City,OH,40.1,-83.28
Plainfield,CT,41.68,-71.91
Plainfield,IL,41.62,-88.23
Plainfield,IN,39.69,-86.39
Plainfield,NJ,40.63,-74.39
Plainsboro,NJ,40.33,-74.58
Plainview,TX,34.12,-101.78
Plainville,CT,41.67,-72.86
Plainville,MA,42.01,-71.34
Plano,IL,41.68,-88.54
Plano,TX,33.04,-96.72
Plant City,FL,28.01,-82.12
Plantation,FL,26.13,-80.23
Plattekill,NY,41.64,-74.08
Platteville,WI,42.75,-90.49
Plattsburgh,NY,44.69,-73.45
Pleasant City,OH,39.89,-81.53
Pleasant Grove,UT,40.44,-111.67
Pleasant Hill,CA,37.95,-122.08
Pleasant Hill,IA,41.59,-93.49
Pleasant Prairie,WI,42.52,-87.89
Pleasanton,CA,37.72,-121.86
Pleasanton,TX,28.94,-98.43
Pleasantville,NJ,39.39,-74.52
Plover,WI,44.41,-89.54
Plymouth,CT,41.64,-73.04
Plymouth,IN,41.36,-86.33
Plymouth,MA,41.94,-70.67
Plymouth,MI,42.37,-83.53
Plymouth,PA,41.25,-75.96
Pocatello,ID,42.87,-112.41
Polk,MO,37.76,-93.29
Pomona,CA,34.06,-117.76
Pompano Beach,FL,26.26,-80.17
Pompton Lakes,NJ,41,-74.29
Ponca City,OK,36.7,-97.09
Pontiac,IL,40.88,-88.63
Pontiac,MI,42.65,-83.29
Pooler,GA,32.11,-81.26
Poplar Bluff,MO,36.77,-90.44
Poquoson,VA,37.13,-76.35
Port Angeles,WA,47.97,-123.59
Port Arthur,TX,29.91,-93.96
Port Chester,NY,41.02,-73.68
Port Hueneme,CA,34.13,-119.15
Port Huron,MI,42.97,-82.44
Port Lavaca,TX,28.61,-96.62
Port Neches,TX,29.99,-93.96
Port Orange,FL,29.12,-81.01
Port Orchard,WA,47.5,-122.64
Port Royal,SC,32.38,-80.69
Port Saint Lucie,FL,27.3,-80.39
Port Townsend,WA,48.05,-122.84
Port Washington,WI,43.42,-87.88
Port Wentworth,GA,32.19,-81.19
Portage,IN,41.59,-87.18
Portage,MI,42.19,-85.6
Portales,NM,34.13,-103.3
Porterville,CA,36.02,-119
Portland,ME,43.66,-70.26
Portland,OR,45.52,-122.67
Portland,TN,36.57,-86.5
Portland,TX,27.89,-97.38
Portsmouth,NH,43.07,-70.77
Portsmouth,OH,38.78,-82.92
Portsmouth,RI,41.59,-71.26
Portsmouth,VA,36.84,-76.34
Post Falls,ID,47.72,-116.96
Potsdam,NY,44.66,-74.96
Pottstown,PA,40.22,-75.65
Pottsville,PA,40.68,-76.28
Poughkeepsie,NY,41.71,-73.85
Poulsbo,WA,47.75,-122.63
Poway,CA,32.97,-117.03
Powder Springs,GA,33.87,-84.69
Powell,OH,40.18,-83.09
Powhatan,VA,37.55,-77.94
Prairie Village,KS,39,-94.63
Prattville,AL,32.49,-86.48
Prescott,AZ,34.61,-112.54
Prescott Valley,AZ,34.67,-112.3
Prince George,VA,37.22,-77.27
Princeton,NJ,40.34,-74.67
Princeton,TX,33.16,-96.48
Prineville,OR,44.16,-120.59
Prior Lake,MN,44.68,-93.41
Prospect Heights,IL,42.1,-87.93
Prosper,TX,33.24,-96.81
Providence,RI,41.82,-71.42
Provo,UT,40.25,-111.63
Pueblo,CO,38.22,-104.61
Pullman,WA,46.73,-117.18
Punta Gorda,FL,26.93,-81.98
Putnam Valley,NY,41.4,-73.84
Puyallup,WA,47.16,-122.3
Queen Creek,AZ,33.2,-111.64
Queens Village,NY,40.72,-73.74
Queensbury,NY,43.34,-73.69
Quincy,IL,39.93,-91.38
Quincy,MA,42.27,-71.01
Racine,WI,42.74,-87.78
Radcliff,KY,37.77,-85.96
Radford,VA,37.12,-80.56
Rahway,NJ,40.61,-74.28
Rainbow City,AL,33.93,-86.1
Raleigh,NC,35.81,-78.64
Raleigh,WV,37.76,-81.17
Ramsey,NJ,41.06,-74.15
Rancho Cordova,CA,38.58,-121.26
Rancho Cucamonga,CA,34.13,-117.57
Rancho Mirage,CA,33.77,-116.43
Rancho Palos Verdes,CA,33.75,-118.37
Rancho Santa Margarita,CA,33.62,-117.61
Randolph,AL,32.92,-86.9
Randolph,MA,42.18,-71.05
Randolph,NJ,40.84,-74.58
Rantoul,IL,40.31,-88.15
Rapid City,SD,44.07,-103.25
Raritan,NJ,40.57,-74.65
Rathdrum,ID,47.86,-116.9
Ravalli,MT,47.3,-114.18
Ravenna,OH,41.17,-81.21
Raymond,NH,43.04,-71.21
Raymondville,TX,26.49,-97.74
Raymore,MO,38.8,-94.45
Raynham,MA,41.94,-71.05
Reading,MA,42.54,-71.11
Reading,PA,40.35,-75.94
Readington,NJ,40.57,-74.74
Red Bank,NJ,40.36,-74.08
Red Bluff,CA,40.18,-122.38
Red Hook,NY,42,-73.81
Red Oak,TX,32.52,-96.81
Red Wing,MN,44.51,-92.54
Redding,CA,40.87,-122.54
Redford,MI,42.4,-83.29
Redlands,CA,34.05,-117.17
Redmond,OR,44.28,-121.22
Redmond,WA,47.67,-122.09
Redondo Beach,CA,33.85,-118.38
Redwood City,CA,37.46,-122.26
Reedley,CA,36.66,-119.4
Reedsburg,WI,43.46,-89.98
Rehoboth,MA,41.85,-71.24
Reidsville,NC,36.37,-79.71
Reno,NV,39.55,-119.82
Renton,WA,47.47,-122.17
Republic,MO,37.14,-93.51
Revere,MA,42.42,-71
Rexburg,ID,43.81,-111.76
Reynoldsburg,OH,39.96,-82.79
Rialto,CA,34.14,-117.39
Richardson,TX,32.89,-96.73
Richfield,WI,43.27,-88.21
Richland,IN,37.94,-87.18
Richland,MT,48.83,-106.09
Richland,PA,40.44,-76.28
Richland,SC,34.76,-83.09
Richland,WA,46.29,-119.29
Richmond,CA,37.93,-122.34
Richmond,IN,39.83,-84.89
Richmond,KY,37.75,-84.3
Richmond,TX,29.6,-95.73
Richmond,VA,37.53,-77.47
Richmond Hill,GA,31.85,-81.26
Richton Park,IL,41.48,-87.73
Ridgecrest,CA,35.61,-117.68
Ridgefield,CT,41.3,-73.5
Ridgefield,NJ,40.83,-74.01
Ridgefield,WA,45.8,-122.7
Ridgefield Park,NJ,40.85,-74.02
Ridgeland,MS,32.43,-90.15
Ridgewood,NJ,40.98,-74.12
Rifle,CO,39.75,-108.11
Rincon,GA,32.3,-81.23
Ringwood,NJ,41.1,-74.26
Rio Grande City,TX,26.53,-98.74
Rio Rancho,NM,35.21,-106.72
Rio Vista,CA,38.15,-121.74
Ripon,CA,37.76,-121.13
River Edge,NJ,40.93,-74.04
River Falls,WI,44.85,-92.61
River Forest,IL,41.89,-87.82
River Grove,IL,41.93,-87.84
Riverbank,CA,37.73,-120.94
Riverdale,GA,33.56,-84.42
Riverdale,IL,41.65,-87.63
Riverhead,NY,40.93,-72.65
Riverside,CA,33.94,-117.4
Riverside,IL,41.84,-87.82
Riverton,UT,40.49,-111.94
Riverton,WY,43.03,-108.21
Riverview,MI,42.17,-83.21
Roanoke,TX,33.01,-97.23
Roanoke,VA,37.28,-79.95
Roanoke Rapids,NC,36.42,-77.72
Robinson,PA,40.4,-79.12
Robstown,TX,27.79,-97.74
Rochester,MI,42.68,-83.15
Rochester,MN,44.03,-92.48
Rochester,NH,43.3,-70.97
Rochester,NY,43.2,-77.64
Rock Hill,SC,34.96,-81.1
Rock Island,IL,41.52,-90.58
Rock Springs,WY,41.49,-109.09
Rockaway,NJ,40.95,-74.49
Rockford,IL,42.29,-89.09
Rockland,MA,42.13,-70.91
Rockledge,FL,28.32,-80.73
Rocklin,CA,38.81,-121.25
Rockport,TX,28.06,-97.07
Rockton,IL,42.44,-89.14
Rockville,MD,39.09,-77.15
Rockville Centre,NY,40.67,-73.64
Rockwall,TX,32.9,-96.44
Rocky Hill,CT,41.66,-72.66
Rocky Mount,NC,35.93,-77.8
Rocky River,OH,41.47,-81.85
Rogers,AR,36.32,-94.08
Rogers,MN,45.18,-93.58
Rohnert Park,CA,38.34,-122.7
Rolesville,NC,35.92,-78.46
Rolla,MO,37.93,-91.77
Rolling Meadows,IL,42.08,-88.02
Roma,TX,26.57,-98.96
Rome,GA,34.11,-84.94
Rome,NY,43.23,-75.45
Romeoville,IL,41.63,-88.11
Romulus,MI,42.23,-83.39
Roscoe,IL,42.42,-88.99
Roseburg,OR,43.24,-123.36
Roselle,IL,41.98,-88.09
Roselle,NJ,40.65,-74.26
Roselle Park,NJ,40.67,-74.27
Rosemead,CA,34.08,-118.07
Rosemount,MN,44.74,-93.06
Rosenberg,TX,29.55,-95.86
Roseville,CA,38.76,-121.3
Roseville,MI,42.51,-82.94
Roswell,GA,34.03,-84.35
Roswell,NM,33.42,-104.31
Round Lake,IL,42.35,-88.11
Round Rock,TX,30.59,-97.64
Rowlett,TX,32.91,-96.55
Roy,UT,41.17,-112.05
Royal Oak,MI,42.5,-83.15
Royal Palm Beach,FL,26.71,-80.23
Royse City,TX,32.94,-96.31
Russellville,AL,34.5,-87.75
Russellville,AR,35.33,-93.1
Ruston,LA,32.54,-92.65
Rutherford,NJ,40.82,-74.11
Rutland,IL,40.98,-89.04
Rutland,VT,43.61,-72.94
Rye,NY,40.98,-73.69
Sachse,TX,32.97,-96.58
Saco,ME,43.55,-70.47
Sacramento,CA,38.58,-121.47
Saddle Brook,NJ,40.9,-74.09
Safety Harbor,FL,28.01,-82.69
Safford,AZ,32.81,-109.55
Saginaw,MI,43.42,-84
Sahuarita,AZ,31.92,-111.02
Saint Albans,WV,38.37,-81.85
Saint Ann,MO,38.73,-90.39
Saint Augustine,FL,29.9,-81.38
Saint Charles,IL,41.94,-88.34
Saint Charles,MO,38.77,-90.54
Saint Clair Shores,MI,42.49,-82.9
Saint Cloud,FL,28.22,-81.2
Saint Cloud,MN,45.55,-94.16
Saint George,UT,37.11,-113.58
Saint Helens,OR,45.88,-122.95
Saint John,IN,41.45,-87.47
Saint Johns,FL,30.07,-81.59
Saint Joseph,MO,39.75,-94.83
Saint Louis,MO,38.64,-90.29
Saint Marys,GA,30.9,-81.43
Saint Marys,OH,40.57,-84.39
Saint Marys,PA,41.46,-78.52
Saint Marys City,MD,38.18,-76.43
Saint Michael,MN,45.21,-93.69
Saint Paul,MN,44.96,-93.1
Saint Peter,MN,44.36,-94.04
Saint Peters,MO,38.8,-90.62
Saint Petersburg,FL,27.83,-82.7
Salem,MA,42.59,-70.87
Salem,NH,42.79,-71.22
Salem,OH,40.9,-80.87
Salem,OR,44.95,-123.02
Salem,UT,40.03,-111.64
Salem,VA,37.29,-80.08
Salina,KS,38.84,-97.63
Salinas,CA,36.69,-121.64
Salisbury,MD,38.36,-75.59
Salisbury,NC,35.67,-80.47
Salisbury,PA,39.75,-79.11
Salt Lake City,UT,40.71,-111.88
Sammamish,WA,47.61,-122.04
San Angelo,TX,31.46,-100.43
San Anselmo,CA,37.99,-122.57
San Antonio,TX,29.46,-98.5
San Benito,TX,26.11,-97.63
San Bernardino,CA,34.12,-117.3
San Bruno,CA,37.63,-122.43
San Carlos,CA,37.5,-122.27
San Clemente,CA,33.44,-117.61
San Diego,CA,32.76,-117.15
San Dimas,CA,34.11,-117.81
San Elizario,TX,31.56,-106.25
San Fernando,CA,34.28,-118.44
San Francisco,CA,37.77,-122.43
San Gabriel,CA,34.1,-118.1
San Jacinto,CA,33.8,-116.97
San Jose,CA,37.32,-121.88
San Juan,TX,26.17,-98.15
San Juan Capistrano,CA,33.5,-117.63
San Leandro,CA,37.7,-122.15
San Luis,AZ,32.51,-114.74
San Luis Obispo,CA,35.27,-120.66
San Marcos,CA,33.14,-117.17
San Marcos,TX,29.97,-97.98
San Marino,CA,34.12,-118.11
San Mateo,CA,37.55,-122.31
San Miguel,NM,32.16,-106.73
San Pablo,CA,37.98,-122.34
San Rafael,CA,38,-122.54
San Ramon,CA,37.76,-121.94
Sand Springs,OK,36.15,-96.2
Sanders,MT,46.28,-107.07
Sandpoint,ID,48.48,-116.51
Sandusky,OH,41.44,-82.72
Sandwich,MA,41.73,-70.48
Sandy,OR,45.39,-122.16
Sandy,UT,40.6,-111.85
Sanford,FL,28.79,-81.27
Sanford,ME,43.42,-70.75
Sanford,NC,35.46,-79.17
Sanger,CA,36.82,-119.46
Sanger,TX,33.37,-97.21
Santa Ana,CA,33.74,-117.87
Santa Barbara,CA,34.43,-119.73
Santa Clara,CA,37.36,-121.96
Santa Clarita,CA,34.43,-118.51
Santa Cruz,CA,37,-122.03
Santa Fe,NM,35.63,-105.96
Santa Fe,TX,29.36,-95.11
Santa Fe Springs,CA,33.94,-118.07
Santa Maria,CA,34.92,-120.41
Santa Monica,CA,34.02,-118.49
Santa Paula,CA,34.38,-119.07
Santa Rosa,CA,38.46,-122.71
Santaquin,UT,39.97,-111.81
Santee,CA,32.85,-116.98
Sapulpa,OK,36.01,-96.12
Saraland,AL,30.85,-88.11
Sarasota,FL,27.32,-82.5
Saratoga,CA,37.26,-122.04
Saratoga Springs,NY,43.07,-73.74
Saratoga Springs,UT,40.34,-111.91
Sartell,MN,45.65,-94.25
Satellite Beach,FL,28.18,-80.6
Saugerties,NY,42.09,-73.99
Saugus,MA,42.47,-71.01
Sauk Rapids,MN,45.64,-94.08
Sault Sainte Marie,MI,46.42,-84.29
Savage,MN,44.76,-93.36
Savannah,GA,32.02,-81.09
Sayreville,NJ,40.44,-74.39
Scarborough,ME,43.59,-70.32
Scarsdale,NY,40.99,-73.79
Schaumburg,IL,42.04,-88.08
Schenectady,NY,42.81,-73.95
Schererville,IN,41.49,-87.45
Schertz,TX,29.55,-98.26
Schiller Park,IL,41.96,-87.87
Scituate,MA,42.2,-70.76
Scotch Plains,NJ,40.63,-74.37
Scott,MS,33.56,-91.05
Scotts Valley,CA,37.06,-122.01
Scottsbluff,NE,41.9,-103.65
Scottsboro,AL,34.69,-86.1
Scottsdale,AZ,33.58,-111.88
Scranton,PA,41.42,-75.65
Seabrook,TX,29.58,-95.04
Seagoville,TX,32.6,-96.54
Seal Beach,CA,33.76,-118.07
Searcy,AR,35.25,-91.73
Seaside,CA,36.61,-121.79
Seattle,WA,47.61,-122.33
Sebastian,FL,27.78,-80.54
Sebring,FL,27.46,-81.45
Secaucus,NJ,40.75,-74.07
Sedalia,MO,38.7,-93.23
Sedro Woolley,WA,48.55,-122.14
Seekonk,MA,41.84,-71.32
Seguin,TX,29.58,-97.95
Sellersburg,IN,38.4,-85.77
Selma,AL,32.44,-86.99
Selma,CA,36.54,-119.64
Seminole,FL,27.85,-82.79
Sequatchie,TN,35.17,-85.65
Severance,CO,40.53,-104.85
Sevier,UT,38.58,-112.32
Sevierville,TN,35.83,-83.57
Seymour,CT,41.39,-73.08
Seymour,IN,38.97,-85.94
Shafter,CA,35.49,-119.29
Shakopee,MN,44.74,-93.51
Sharon,MA,42.11,-71.18
Sharon,PA,41.23,-80.5
Shasta,CA,40.62,-122.63
Shasta Lake,CA,40.68,-122.38
Shawnee,KS,39.02,-94.77
Shawnee,OH,39.62,-82.21
Shawnee,OK,35.35,-96.94
Sheboygan,WI,43.75,-87.7
Shelby,AL,33.1,-86.54
Shelby,MI,43.61,-86.38
Shelby,NC,35.29,-81.57
Shelbyville,IN,39.53,-85.77
Shelbyville,KY,38.21,-85.21
Shelbyville,TN,35.48,-86.46
Shelton,CT,41.3,-73.14
Shelton,WA,47.24,-123.15
Shepherdsville,KY,37.98,-85.69
Sheridan,WY,44.84,-106.84
Sherman,TX,33.63,-96.62
Sherwood,AR,34.9,-92.24
Sherwood,OR,45.35,-122.87
Shorewood,IL,41.51,-88.22
Show Low,AZ,34.31,-110.03
Shreveport,LA,32.55,-93.76
Shrewsbury,MA,42.32,-71.81
Sidney,OH,40.28,-84.16
Sierra Madre,CA,34.17,-118.05
Sierra Vista,AZ,31.57,-110.24
Signal Hill,CA,33.8,-118.17
Sikeston,MO,36.9,-89.6
Siloam Springs,AR,36.17,-94.46
Silver Spring,PA,40.06,-76.43
Silverton,OR,44.94,-122.72
Simi Valley,CA,34.28,-118.76
Simpsonville,SC,34.73,-82.26
Simsbury,CT,41.88,-72.81
Sioux City,IA,42.49,-96.38
Sioux Falls,SD,43.57,-96.75
Skippack,PA,40.22,-75.4
Skokie,IL,42.04,-87.74
Slidell,LA,30.3,-89.8
Smithfield,NC,35.49,-78.33
Smithfield,RI,41.91,-71.52
Smithfield,UT,41.82,-111.88
Smithtown,NY,40.85,-73.21
Smithville,MO,39.39,-94.56
Smyrna,DE,39.3,-75.55
Smyrna,GA,33.86,-84.58
Smyrna,TN,35.96,-86.53
Snellville,GA,33.83,-84.02
Snohomish,WA,47.9,-122.04
Snoqualmie,WA,47.58,-121.79
Snyder,TX,32.81,-100.88
Soddy Daisy,TN,35.25,-85.2
Solana Beach,CA,33,-117.26
Soldier,KS,39.49,-95.98
Soledad,CA,36.39,-121.34
Solon,OH,41.38,-81.44
Somers,CT,41.99,-72.45
Somers,NY,41.33,-73.7
Somers Point,NJ,39.32,-74.59
Somerset,KY,37.1,-84.52
Somerset,MA,41.74,-71.16
Somerset,NJ,40.5,-74.51
Somerset,PA,40,-79.09
Somersworth,NH,43.25,-70.89
Somerton,AZ,32.56,-114.69
Somerville,MA,42.39,-71.1
Somerville,NJ,40.59,-74.69
Sonoma,CA,38.25,-122.47
South Amboy,NJ,40.47,-74.28
South Bend,IN,41.66,-86.27
South Burlington,VT,44.44,-73.12
South Charleston,WV,38.34,-81.72
South El Monte,CA,34.05,-118.05
South Elgin,IL,41.99,-88.31
South Gate,CA,33.94,-118.19
South Hadley,MA,42.26,-72.58
South Holland,IL,41.6,-87.6
South Houston,TX,29.66,-95.23
South Jordan,UT,40.56,-111.96
South Lake Tahoe,CA,38.89,-120.01
South Lyon,MI,42.44,-83.66
South Milwaukee,WI,42.91,-87.86
South Orange,NJ,40.75,-74.26
South Park,PA,40.29,-80
South Pasadena,CA,34.11,-118.15
South Plainfield,NJ,40.57,-74.41
South Portland,ME,43.64,-70.26
South River,NJ,40.45,-74.38
South Saint Paul,MN,44.89,-93.04
South San Francisco,CA,37.66,-122.41
South Sioux City,NE,42.47,-96.45
South Windsor,CT,41.84,-72.58
Southampton,NY,40.89,-72.4
Southaven,MS,34.94,-89.96
Southborough,MA,42.3,-71.53
Southbridge,MA,42.06,-72.03
Southbury,CT,41.48,-73.23
Southern Pines,NC,35.23,-79.4
Southfield,MI,42.49,-83.24
Southgate,MI,42.2,-83.21
Southington,CT,41.61,-72.87
Southlake,TX,32.96,-97.15
Southold,NY,41.06,-72.43
Spanish Fork,UT,40.12,-111.7
Spanish Fort,AL,30.69,-87.9
Sparks,NV,39.58,-119.71
Sparta,NJ,41.05,-74.63
Spartanburg,SC,34.94,-81.91
Spearfish,SD,44.48,-103.9
Spencer,IA,43.15,-95.15
Spencer,MA,42.25,-71.99
Spokane,WA,47.67,-117.4
Spotsylvania,VA,38.22,-77.68
Spring City,PA,40.17,-75.6
Spring Hill,KS,38.73,-94.83
Spring Hill,TN,35.72,-86.9
Spring Lake,MI,43.09,-86.21
Spring Lake,NC,35.22,-78.96
Spring Valley,NY,41.12,-74.05
Springboro,OH,39.55,-84.22
Springdale,AR,36.18,-94.14
Springfield,IL,39.78,-89.62
Springfield,MA,42.12,-72.57
Springfield,MO,37.22,-93.31
Springfield,NJ,40.7,-74.33
Springfield,OH,39.92,-83.8
Springfield,OR,44.07,-122.96
Springfield,PA,39.93,-75.34
Springfield,TN,36.53,-86.86
Springville,UT,40.17,-111.5
Stafford,CT,41.98,-72.29
Stafford,TX,29.62,-95.56
Stafford,VA,38.44,-77.43
Stamford,CT,41.06,-73.54
Standish,ME,43.76,-70.57
Stanton,CA,33.8,-117.99
Star,ID,43.72,-116.49
Starkville,MS,33.45,-88.77
State College,PA,40.79,-77.87
Statesboro,GA,32.45,-81.78
Statesville,NC,35.8,-80.9
Staunton,VA,38.14,-79.07
Steamboat Springs,CO,40.49,-106.83
Stephens,GA,33.78,-83.15
Stephenville,TX,32.25,-98.21
Sterling,CO,40.64,-103.23
Sterling,IL,41.83,-89.74
Sterling Heights,MI,42.58,-83.03
Steubenville,OH,40.38,-80.68
Stevens Point,WI,44.52,-89.57
Stewart,TN,36.32,-87.89
Stillwater,MN,45.05,-92.91
Stillwater,OK,36.11,-97.07
Stockbridge,GA,33.57,-84.19
Stockton,CA,37.98,-121.31
Stokes,NC,35.7,-77.27
Stoneham,MA,42.47,-71.1
Stonington,CT,41.38,-71.91
Stony Point,NY,41.24,-74.06
Storm Lake,IA,42.65,-95.16
Stoughton,MA,42.12,-71.1
Stoughton,WI,42.93,-89.22
Stow,OH,41.18,-81.44
Stratford,CT,41.2,-73.13
Streamwood,IL,42.02,-88.18
Streator,IL,41.13,-88.84
Streetsboro,OH,41.24,-81.35
Strongsville,OH,41.32,-81.84
Stuart,FL,27.16,-80.24
Sturbridge,MA,42.1,-72.08
Sturgis,MI,41.82,-85.46
Suamico,WI,44.64,-88.03
Sudbury,MA,42.38,-71.42
Suffern,NY,41.14,-74.1
Suffield,CT,41.99,-72.65
Suffolk,VA,36.77,-76.6
Sugar Grove,IL,41.78,-88.46
Sugar Land,TX,29.6,-95.66
Suisun City,CA,38.19,-121.93
Sulphur,LA,30.22,-93.38
Sulphur Springs,TX,33.16,-95.6
Summerfield,NC,36.23,-79.88
Summerville,SC,33.01,-80.2
Summit,NJ,40.72,-74.37
Summit,UT,37.77,-112.94
Sumner,WA,47.14,-122.17
Sumter,SC,33.91,-80.37
Sun Prairie,WI,43.2,-89.23
Sunland Park,NM,31.82,-106.6
Sunnyside,WA,46.5,-119.63
Sunnyvale,CA,37.38,-122.03
Superior,WI,46.59,-92.13
Surprise,AZ,33.64,-112.39
Susanville,CA,40.49,-120.66
Susquehanna,PA,41.93,-75.58
Sussex,VA,36.92,-77.28
Sussex,WI,43.14,-88.23
Sutter,CA,39.17,-121.81
Suwanee,GA,34.06,-84.09
Suwannee,FL,29.33,-83.12
Swampscott,MA,42.47,-70.91
Swansea,MA,41.76,-71.21
Sweet Home,OR,44.36,-122.73
Sweetwater,TX,32.46,-100.36
Sycamore,IL,42.01,-88.66
Sycamore,OH,40.95,-83.14
Sylacauga,AL,33.14,-86.31
Sylvania,OH,41.7,-83.74
Syracuse,NY,43.05,-76.16
Syracuse,UT,41.08,-112.08
Tacoma,WA,47.23,-122.45
Tahlequah,OK,35.92,-95.01
Takoma Park,MD,38.98,-77
Talladega,AL,33.39,-86.07
Tallahassee,FL,30.46,-84.29
Tallmadge,OH,41.11,-81.42
Tampa,FL,27.94,-82.46
Tarboro,NC,35.9,-77.51
Tarpon Springs,FL,28.15,-82.72
Tarrytown,NY,41.09,-73.84
Taunton,MA,41.83,-71.09
Tavares,FL,28.77,-81.73
Taylor,MI,42.23,-83.27
Taylor,TX,30.58,-97.39
Taylorville,IL,39.56,-89.29
Teaneck,NJ,40.89,-74.01
Tehachapi,CA,35.13,-118.47
Temecula,CA,33.5,-117.13
Tempe,AZ,33.4,-111.93
Temple,TX,31.09,-97.34
Temple City,CA,34.1,-118.06
Tenafly,NJ,40.92,-73.95
Terre Haute,IN,39.46,-87.38
Terrell,TX,32.75,-96.23
Teton Village,WY,43.59,-110.83
Tewksbury,MA,42.61,-71.23
Texarkana,AR,33.45,-93.88
Texarkana,TX,33.44,-94.08
Texas City,TX,29.37,-94.91
The Colony,TX,33.07,-96.92
The Dalles,OR,45.54,-121.16
Thibodaux,LA,29.8,-90.8
Thomasville,GA,30.83,-83.97
Thomasville,NC,35.87,-80.19
Thornton,CO,39.93,-104.95
Thornton,IL,41.57,-87.6
Thousand Oaks,CA,34.19,-118.85
Tiffin,OH,41.12,-83.17
Tifton,GA,31.46,-83.52
Timnath,CO,40.53,-104.97
Tinley Park,IL,41.57,-87.81
Tipp City,OH,39.94,-84.16
Tipton,TN,35.41,-89.82
Titusville,FL,28.6,-80.81
Tiverton,RI,41.61,-71.18
Toledo,OH,41.68,-83.53
Tolland,CT,41.88,-72.36
Tomball,TX,30.08,-95.63
Toms River,NJ,39.95,-74.21
Tonawanda,NY,43.01,-78.88
Tooele,UT,40.56,-112.27
Topeka,KS,39.04,-95.71
Torrance,CA,33.82,-118.32
Torrington,CT,41.79,-73.09
Totowa,NJ,40.96,-74.26
Tracy,CA,37.71,-121.48
Traverse City,MI,44.78,-85.6
Tremonton,UT,41.77,-112.32
Trenton,MI,42.13,-83.22
Trenton,NJ,40.25,-74.72
Trenton,OH,39.49,-84.48
Troutdale,OR,45.53,-122.37
Troy,AL,31.82,-85.95
Troy,IL,38.7,-89.87
Troy,IN,38.07,-86.78
Troy,MI,42.59,-83.18
Troy,MO,39,-91
Troy,NY,42.76,-73.65
Troy,OH,40.03,-84.21
Truckee,CA,39.32,-120.19
Trumbull,CT,41.27,-73.21
Trussville,AL,33.66,-86.56
Tualatin,OR,45.37,-122.76
Tucker,GA,33.85,-84.22
Tucson,AZ,32.23,-110.95
Tulare,CA,36.2,-119.36
Tullahoma,TN,35.34,-86.22
Tulsa,OK,36.14,-95.97
Tumwater,WA,46.96,-123.03
Tuolumne,CA,37.94,-120.19
Tupelo,MS,34.23,-88.75
Turlock,CA,37.5,-120.86
Tuscaloosa,AL,33.24,-87.52
Tustin,CA,33.74,-117.81
Twentynine Palms,CA,34.21,-115.85
Twin Falls,ID,42.48,-114.49
Twinsburg,OH,41.31,-81.44
Two Rivers,WI,44.22,-87.59
Tyler,TX,32.37,-95.29
Ukiah,CA,39.14,-123.26
Union,MO,38.42,-91.02
Union City,CA,37.6,-122.02
Union City,GA,33.58,-84.54
Union City,IN,40.21,-84.85
Union City,MI,41.91,-85.48
Union City,NJ,40.74,-74.15
Union City,OH,40.22,-84.76
Union City,TN,36.42,-89.08
Universal City,TX,29.54,-98.3
University Place,WA,47.2,-122.57
Upland,CA,34.12,-117.66
Upper Darby,PA,39.96,-75.27
Urbana,IL,40.12,-88.2
Urbana,OH,40.12,-83.78
Urbandale,IA,41.63,-93.74
Utica,NY,43.1,-75.22
Uvalde,TX,29.26,-99.96
Uxbridge,MA,42.06,-71.63
Vacaville,CA,38.39,-121.99
Valdosta,GA,30.84,-83.27
Vallejo,CA,38.12,-122.24
Valley,AL,32.67,-85.27
Valley Stream,NY,40.66,-73.71
Valparaiso,IN,41.47,-87.07
Van Buren,AR,35.46,-94.35
Van Buren,IN,40.63,-85.51
Van Wert,OH,40.87,-84.57
Vancouver,WA,45.66,-122.62
Vandalia,OH,39.9,-84.22
Venice,FL,27.1,-82.37
Ventura,CA,34.26,-119.33
Vermilion,OH,41.39,-82.38
Vermillion,SD,42.84,-96.98
Vernal,UT,40.55,-109.5
Vernon,IL,38.81,-89.08
Vernon,IN,38.98,-85.61
Vernon,NJ,41.2,-74.5
Vernon Hills,IL,42.23,-87.96
Vero Beach,FL,27.66,-80.46
Verona,NJ,40.83,-74.24
Verona,WI,42.99,-89.58
Versailles,KY,38.03,-84.73
Vestal,NY,42.07,-76.03
Vicksburg,MS,32.34,-90.85
Victor,NY,42.99,-77.43
Victoria,MN,44.86,-93.67
Victoria,TX,28.84,-97.03
Victorville,CA,34.52,-117.33
Vidalia,GA,32.23,-82.4
Vienna,VA,38.89,-77.28
Vienna,WV,39.33,-81.51
Villa Park,IL,41.88,-87.98
Villa Rica,GA,33.72,-84.92
Vincennes,IN,38.63,-87.5
Vineland,NJ,39.48,-75
Virginia Beach,VA,36.81,-76.05
Visalia,CA,36.34,-119.3
Vista,CA,33.2,-117.23
Voorhees,NJ,39.85,-74.95
Wabash,IN,40.79,-85.83
Waco,TX,31.55,-97.16
Waconia,MN,44.86,-93.78
Wadsworth,OH,41.05,-81.73
Wake Forest,NC,35.97,-78.5
Wakefield,MA,42.5,-71.07
Waldwick,NJ,41.01,-74.13
Walla Walla,WA,46.1,-118.31
Wallingford,CT,41.4,-72.89
Wallington,NJ,40.85,-74.11
Wallkill,NY,41.62,-74.16
Walnut,CA,34.02,-117.86
Walnut Creek,CA,37.89,-122.04
Walpole,MA,42.15,-71.27
Waltham,MA,42.38,-71.24
Wanaque,NJ,41.05,-74.33
Ware,MA,42.3,-72.28
Wareham,MA,41.76,-70.7
Warminster,PA,40.28,-75.08
Warner Robins,GA,32.6,-83.64
Warren,IL,42.48,-89.99
Warren,IN,40.68,-85.44
Warren,MI,42.5,-83.03
Warren,NJ,40.63,-74.52
Warren,OH,41.26,-80.81
Warren,RI,41.73,-71.26
Warrensburg,MO,38.79,-93.73
Warrenton,VA,38.73,-77.81
Warrenville,IL,41.82,-88.18
Warrington,PA,40.25,-75.14
Warsaw,IN,41.24,-85.86
Warwick,NY,41.27,-74.36
Warwick,RI,41.72,-71.41
Wasco,CA,35.65,-119.45
Washington,DC,38.89,-77.02
Washington,IL,40.7,-89.42
Washington,IN,38.66,-87.17
Washington,KY,38.61,-83.81
Washington,MI,42.76,-83.05
Washington,MO,38.54,-91.05
Washington,MS,31.58,-91.3
Washington,NJ,40.75,-75.01
Washington,PA,40.15,-80.25
Washington,TX,30.29,-96.19
Washington,UT,37.13,-113.49
Washington Court House,OH,39.53,-83.44
Washougal,WA,45.61,-122.24
Wasilla,AK,61.53,-149.6
Waterbury,CT,41.56,-73.05
Waterford,CT,41.36,-72.16
Waterford,MI,42.66,-83.39
Waterloo,IA,42.47,-92.31
Waterloo,IL,38.31,-90.16
Watertown,CT,41.62,-73.13
Watertown,MA,42.37,-71.18
Watertown,NY,44.01,-75.85
Watertown,SD,44.94,-97.09
Watertown,WI,43.2,-88.71
Waterville,ME,44.55,-69.64
Watervliet,NY,42.74,-73.72
Watsonville,CA,36.93,-121.76
Wauconda,IL,42.27,-88.14
Waukee,IA,41.6,-93.87
Waukegan,IL,42.37,-87.85
Waukesha,WI,43,-88.26
Waunakee,WI,43.18,-89.46
Waupun,WI,43.64,-88.74
Wausau,WI,44.96,-89.67
Waverly,IA,42.77,-92.43
Wawarsing,NY,41.75,-74.36
Waxahachie,TX,32.37,-96.81
Waxhaw,NC,34.92,-80.73
Waycross,GA,31.21,-82.38
Wayland,MA,42.36,-71.36
Wayne,IL,40.13,-88.4
Wayne,MI,42.27,-83.4
Wayne,NJ,40.95,-74.24
Waynesboro,PA,39.77,-77.58
Waynesboro,VA,38.1,-78.88
Waynesville,NC,35.56,-83.06
Weatherford,OK,35.51,-98.74
Weatherford,TX,32.78,-97.79
Webb City,MO,37.18,-94.48
Webster,KY,37.92,-86.33
Webster,MA,42.05,-71.85
Webster,NY,43.22,-77.44
Webster,TX,29.54,-95.13
Weehawken,NJ,40.77,-74.02
Weirton,WV,40.42,-80.56
Wellesley,MA,42.29,-71.3
Wellington,CO,40.86,-105.04
Wellington,FL,26.65,-80.25
Wells,ME,43.33,-70.65
Wenatchee,WA,47.42,-120.32
Wendell,NC,35.78,-78.39
Wentzville,MO,38.8,-90.86
Weslaco,TX,26.16,-97.99
West Bend,WI,43.43,-88.17
West Bloomfield,MI,42.59,-83.38
West Chester,OH,39.34,-84.41
West Chester,PA,39.96,-75.6
West Chicago,IL,41.89,-88.2
West Columbia,SC,33.95,-81.14
West Covina,CA,34.06,-117.92
West Des Moines,IA,41.57,-93.77
West Fargo,ND,46.86,-96.92
West Hartford,CT,41.77,-72.73
West Haven,CT,41.27,-72.96
West Haverstraw,NY,41.21,-73.97
West Hollywood,CA,34.09,-118.38
West Jordan,UT,40.61,-111.99
West Lafayette,IN,40.43,-86.93
West Linn,OR,45.35,-122.67
West Memphis,AR,35.14,-90.18
West Mifflin,PA,40.39,-79.96
West Milford,NJ,41.09,-74.38
West Monroe,LA,32.49,-92.18
West New York,NJ,40.79,-74.01
West Orange,NJ,40.79,-74.27
West Palm Beach,FL,26.72,-80.1
West Plains,MO,36.7,-91.86
West Richland,WA,46.31,-119.39
West Sacramento,CA,38.59,-121.56
West Springfield,MA,42.15,-72.62
West Valley City,UT,40.7,-112
West Warwick,RI,41.68,-71.52
Westborough,MA,42.27,-71.61
Westbrook,ME,43.7,-70.36
Westbury,NY,40.76,-73.57
Westchester,IL,41.85,-87.89
Westerly,RI,41.36,-71.79
Western Springs,IL,41.81,-87.9
Westerville,OH,40.08,-82.93
Westfield,IN,40.04,-86.18
Westfield,MA,42.14,-72.78
Westfield,NJ,40.66,-74.32
Westford,MA,42.59,-71.44
Westlake,OH,41.45,-81.93
Westland,MI,42.31,-83.37
Westminster,CA,33.75,-118
Westminster,CO,39.85,-105.04
Westminster,MD,39.6,-77.01
Westmont,IL,41.79,-87.97
Westmoreland City,PA,40.33,-79.68
Weston,CT,41.23,-73.37
Weston,MA,42.36,-71.3
Westport,CT,41.18,-73.35
Westport,MA,41.6,-71.08
Westtown,PA,39.93,-75.54
Westwood,MA,42.22,-71.22
Westwood,NJ,41,-74
Wethersfield,CT,41.75,-72.69
Weymouth,MA,42.2,-70.96
Wheat Ridge,CO,39.77,-105.09
Wheaton,IL,41.86,-88.11
Wheeling,IL,42.13,-87.92
Wheeling,WV,40.07,-80.65
White,PA,40.07,-79.45
White House,TN,36.48,-86.68
White Lake,MI,42.66,-83.5
White Plains,NY,41.04,-73.77
Whitehall,PA,40.66,-75.5
Whitestown,IN,40.02,-86.33
Whitewater,WI,42.81,-88.74
Whitley City,KY,36.78,-84.45
Whitman,MA,42.08,-70.94
Whittier,CA,33.97,-118.03
Wichita,KS,37.69,-97.34
Wichita Falls,TX,33.9,-98.49
Wickliffe,OH,41.6,-81.47
Wilbraham,MA,42.14,-72.42
Wildomar,CA,33.62,-117.26
Wildwood,FL,28.84,-82.04
Wilkes Barre,PA,41.26,-75.87
Williamsburg,VA,37.29,-76.74
Williamsport,PA,41.28,-76.99
Willingboro,NJ,40.03,-74.89
Williston,ND,48.18,-103.66
Williston,VT,44.43,-73.1
Willmar,MN,45.1,-95.04
Willoughby,OH,41.63,-81.39
Wilmette,IL,42.08,-87.72
Wilmington,DE,39.7,-75.57
Wilmington,MA,42.56,-71.16
Wilmington,NC,34.2,-77.88
Wilmington,OH,39.46,-83.84
Wilson,NC,35.73,-77.93
Wilsonville,OR,45.31,-122.77
Wilton,CT,41.21,-73.44
Winchendon,MA,42.67,-72.06
Winchester,KY,37.98,-84.16
Winchester,MA,42.45,-71.14
Winchester,TN,35.18,-86.14
Winchester,VA,39.19,-78.21
Winder,GA,34,-83.7
Windham,CT,41.69,-72.13
Windham,ME,43.79,-70.41
Windham,NH,42.81,-71.3
Windsor,CA,38.53,-122.82
Windsor,CO,40.48,-104.9
Windsor,CT,41.86,-72.66
Windsor,PA,39.93,-76.56
Windsor,WI,43.21,-89.34
Windsor Locks,CT,41.93,-72.66
Winfield,IL,41.87,-88.16
Winfield,KS,37.26,-96.96
Winnebago,WI,44.08,-88.52
Winnetka,IL,42.11,-87.76
Winona,MN,43.99,-91.63
Winslow,NJ,39.65,-74.86
Winston-Salem,NC,36.07,-80.24
Winter Garden,FL,28.53,-81.61
Winter Haven,FL,28.01,-81.71
Winter Park,FL,28.59,-81.29
Winter Springs,FL,28.72,-81.24
Winterville,NC,35.52,-77.42
Winthrop,MA,42.37,-70.97
Wisconsin Rapids,WI,44.36,-89.85
Wixom,MI,42.52,-83.55
Woburn,MA,42.48,-71.15
Wolcott,CT,41.6,-72.97
Wood Dale,IL,41.96,-87.96
Wood Ridge,NJ,40.85,-74.09
Wood River,IL,38.86,-90.07
Woodbridge,NJ,40.55,-74.29
Woodburn,OR,45.13,-122.83
Woodbury,NY,40.82,-73.47
Woodinville,WA,47.76,-122.09
Woodland,CA,38.7,-121.78
Woodridge,IL,41.74,-88.04
Woods Cross,UT,40.88,-111.93
Woodstock,GA,34.12,-84.51
Woodstock,IL,42.33,-88.46
Woodward,OK,36.52,-99.35
Woonsocket,RI,42,-71.5
Wooster,OH,40.81,-81.98
Worcester,MA,42.28,-71.82
Worcester,PA,40.19,-75.36
Worth,IL,41.69,-87.79
Worthington,MN,43.62,-95.58
Wrentham,MA,42.05,-71.36
Wyandotte,MI,42.21,-83.16
Wyckoff,NJ,41,-74.17
Wylie,TX,33.01,-96.53
Wyoming,MI,42.9,-85.7
Wyoming,WV,37.59,-81.61
Xenia,OH,39.67,-83.91
Yakima,WA,46.61,-120.64
Yankton,SD,42.92,-97.45
Yelm,WA,46.84,-122.49
Yolo,CA,38.73,-121.81
Yonkers,NY,40.94,-73.88
Yorba Linda,CA,33.89,-117.78
York,ME,43.17,-70.68
York,PA,39.96,-76.7
Yorktown,IN,40.19,-85.52
Yorkville,IL,41.61,-88.43
Youngstown,OH,41.08,-80.68
Youngsville,LA,30.08,-92.01
Ypsilanti,MI,42.24,-83.61
Yuba City,CA,39.03,-121.63
Yucaipa,CA,34.03,-117.01
Yucca Valley,CA,34.19,-116.39
Yukon,OK,35.51,-97.76
Yuma,AZ,32.76,-114.49
Zachary,LA,30.65,-91.15
Zanesville,OH,39.96,-82
Zapata,TX,26.93,-99.16
Zebulon,NC,35.84,-78.3
Zeeland,MI,42.84,-85.98
Zephyrhills,FL,28.24,-82.18
Zion,IL,42.46,-87.87
Zionsville,IN,39.98,-86.28
